,x,y,h,s
0,0.0,0.0,0.0,0.13105920890733702
1,0.0,0.0,0.0,0.2618314459671087
2,0.0,0.0,0.0,0.39237288200726733
3,0.0,0.0,0.0,0.6528284677727325
4,0.0,0.0,0.0,0.7827330003635525
5,0.0,0.0,0.0,0.9124205153183231
6,0.0,0.0,0.0,1.0418711784095596
7,0.0,0.0,0.0,1.3001276977443197
8,0.0,0.0,0.0,1.428988100687946
9,0.0,0.0,0.0,1.5576485537538214
10,0.0,0.0,0.0,1.6860666647590707
11,0.0,0.0,0.0,1.9420408302920535
12,0.0,0.0,0.0,2.0696450073980013
13,0.0,0.0,0.0,2.1970551142153005
14,0.0,0.0,0.0,2.324253444671275
15,0.0,0.0,0.0,2.5779525199501405
16,0.0,0.0,0.0,2.704448080540646
17,0.0,0.0,0.0,2.8306940082052248
18,0.0,0.0,0.0,2.9567175038047107
19,0.0,0.0,0.0,3.082589636826605
20,0.0,0.0,0.0,3.208249015654515
21,0.0,0.0,0.0,3.333626930239082
22,0.0,0.0,0.0,3.4587175996862904
23,0.0,0.0,0.0,3.5835794103637864
24,0.0,0.0,0.0,3.832683545578648
25,0.0,0.0,0.0,3.956909223855741
26,0.0,0.0,0.0,4.080910742024106
27,0.0,0.0,0.0,4.204696999564177
28,0.0,0.0,0.0,4.45160402523558
29,0.0,0.0,0.0,4.574802751154249
30,0.0,0.0,0.0,4.697778809736534
31,0.0,0.0,0.0,4.8204443425950405
32,0.0,0.0,0.0,5.064952648986992
33,0.0,0.0,0.0,5.186901953340032
34,0.0,0.0,0.0,5.30865022622647
35,0.0,0.0,0.0,5.430128114297123
36,0.0,0.0,0.0,5.672316746904527
37,0.0,0.0,0.0,5.793045825048765
38,0.0,0.0,0.0,5.9136287210957565
39,0.0,0.0,0.0,6.034045937815199
40,0.0,0.0,0.0,6.27404945094388
41,0.0,0.0,0.0,6.393661908643874
42,0.0,0.0,0.0,6.513059033489538
43,0.0,0.0,0.0,6.63224614164152
44,0.0,0.0,0.0,6.869938744765942
45,0.0,0.0,0.0,6.988459359122826
46,0.0,0.0,0.0,7.106737243296293
47,0.0,0.0,0.0,7.224858367853175
48,0.0,0.0,0.0,7.4604675700178795
49,0.0,0.0,0.0,7.577877687761048
50,0.0,0.0,0.0,7.695000043300407
51,0.0,0.0,0.0,7.811898355869066
52,0.0,0.0,0.0,8.044990185562567
53,0.0,0.0,0.0,8.161224402833888
54,0.0,0.0,0.0,8.277218255749073
55,0.0,0.0,0.0,8.392965187473267
56,0.0,0.0,0.0,8.623990013548774
57,0.0,0.0,0.0,8.739168873377784
58,0.0,0.0,0.0,8.854023779030705
59,0.0,0.0,0.0,8.968608059459562
60,0.0,0.0,0.0,9.197165321522666
61,0.0,0.0,0.0,9.311111597849015
62,0.0,0.0,0.0,9.424836841830816
63,0.0,0.0,0.0,9.538348851977158
64,0.0,0.0,0.0,9.764751146293685
65,0.0,0.0,0.0,9.877682109114787
66,0.0,0.0,0.0,9.99034052572049
67,0.0,0.0,0.0,10.102714155054079
68,0.0,0.0,0.0,10.326721535491831
69,0.0,0.0,0.0,10.43839242232226
70,0.0,0.0,0.0,10.549845134358119
71,0.0,0.0,0.0,10.661080460507772
72,0.0,0.0,0.0,10.772094929943686
73,0.0,0.0,0.0,10.882913495742113
74,0.0,0.0,0.0,10.993560587306801
75,0.0,0.0,0.0,11.103999339562042
76,0.0,0.0,0.0,11.214144459546633
77,0.0,0.0,0.0,11.433627637580827
78,0.0,0.0,0.0,11.543007867988884
79,0.0,0.0,0.0,11.652182600092496
80,0.0,0.0,0.0,11.761152923657095
81,0.0,0.0,0.0,11.978420005691895
82,0.0,0.0,0.0,12.086825035090609
83,0.0,0.0,0.0,12.19501268656989
84,0.0,0.0,0.0,12.302900749521612
85,0.0,0.0,0.0,12.51789414585496
86,0.0,0.0,0.0,12.625075687186625
87,0.0,0.0,0.0,12.732038029164439
88,0.0,0.0,0.0,12.838771339782733
89,0.0,0.0,0.0,13.051542659331309
90,0.0,0.0,0.0,13.157667410458503
91,0.0,0.0,0.0,13.26352758718976
92,0.0,0.0,0.0,13.369098173768975
93,0.0,0.0,0.0,13.47442098016309
94,0.0,0.0,0.0,13.579522096645535
95,0.0,0.0,0.0,13.684395813637336
96,0.0,0.0,0.0,13.789043886871175
97,0.0,0.0,0.0,13.893489227572083
98,0.0,0.0,0.0,14.101855655390883
99,0.0,0.0,0.0,14.205717492253369
100,0.0,0.0,0.0,14.30928166098988
101,0.0,0.0,0.0,14.412569493668071
102,0.0,0.0,0.0,14.618438897992789
103,0.0,0.0,0.0,14.721033376854466
104,0.0,0.0,0.0,14.823443905094228
105,0.0,0.0,0.0,14.925698740993807
106,0.0,0.0,0.0,15.129629494643238
107,0.0,0.0,0.0,15.23118363712651
108,0.0,0.0,0.0,15.332469218151754
109,0.0,0.0,0.0,15.433507464210011
110,0.0,0.0,0.0,15.634887503742233
111,0.0,0.0,0.0,15.735241114743065
112,0.0,0.0,0.0,15.835397845081161
113,0.0,0.0,0.0,15.935381396500853
114,0.0,0.0,0.0,16.03511633739003
115,0.0,0.0,0.0,16.134555522214743
116,0.0,0.0,0.0,16.233766722570792
117,0.0,0.0,0.0,16.332757873864537
118,0.0,0.0,0.0,16.43151925834295
119,0.0,0.0,0.0,16.62841139270045
120,0.0,0.0,0.0,16.72658733670468
121,0.0,0.0,0.0,16.82453884441771
122,0.0,0.0,0.0,16.922237200219147
123,0.0,0.0,0.0,17.116858291726366
124,0.0,0.0,0.0,17.213777734984863
125,0.0,0.0,0.0,17.31048754724752
126,0.0,0.0,0.0,17.407060426646577
127,0.0,0.0,0.0,17.599574782851143
128,0.0,0.0,0.0,17.69540774884457
129,0.0,0.0,0.0,17.79103865892355
130,0.0,0.0,0.0,17.886433251046608
131,0.0,0.0,0.0,18.07663486001105
132,0.0,0.0,0.0,18.171483570111544
133,0.0,0.0,0.0,18.266061271690475
134,0.0,0.0,0.0,18.360328590026164
135,0.0,0.0,0.0,18.54821234670711
136,0.0,0.0,0.0,18.641876017469283
137,0.0,0.0,0.0,18.735372507919102
138,0.0,0.0,0.0,18.828690477317895
139,0.0,0.0,0.0,19.014436318867713
140,0.0,0.0,0.0,19.106919935723823
141,0.0,0.0,0.0,19.19918217545845
142,0.0,0.0,0.0,19.291213197770322
143,0.0,0.0,0.0,19.474727743076404
144,0.0,0.0,0.0,19.566118276394388
145,0.0,0.0,0.0,19.657935803190643
146,0.0,0.0,0.0,19.74962052146748
147,0.0,0.0,0.0,19.84030239813115
148,0.0,0.0,0.0,19.930668061229895
149,0.0,0.0,0.0,20.020909225416094
150,0.0,0.0,0.0,20.110903403550026
151,0.0,0.0,0.0,20.20064491932921
152,0.0,0.0,0.0,20.379537218152244
153,0.0,0.0,0.0,20.468735861971002
154,0.0,0.0,0.0,20.557722100560703
155,0.0,0.0,0.0,20.64641152195737
156,0.0,0.0,0.0,20.82320249340107
157,0.0,0.0,0.0,20.911335911725086
158,0.0,0.0,0.0,20.99921844892581
159,0.0,0.0,0.0,21.086807168644086
160,0.0,0.0,0.0,21.2613319805855
161,0.0,0.0,0.0,21.34827664667071
162,0.0,0.0,0.0,21.434959926050453
163,0.0,0.0,0.0,21.521443201637315
164,0.0,0.0,0.0,21.693730565970064
165,0.0,0.0,0.0,21.779536025868822
166,0.0,0.0,0.0,21.865128968543143
167,0.0,0.0,0.0,21.95046903576191
168,0.0,0.0,0.0,22.03553221182154
169,0.0,0.0,0.0,22.12041342783316
170,0.0,0.0,0.0,22.205128682036097
171,0.0,0.0,0.0,22.28958705090321
172,0.0,0.0,0.0,22.37382409604243
173,0.0,0.0,0.0,22.541638586069848
174,0.0,0.0,0.0,22.625228512265533
175,0.0,0.0,0.0,22.708584718855423
176,0.0,0.0,0.0,22.791709820415168
177,3.4936714213794304e-11,3.551457420647229e-12,0.010009765934336567,22.943055081609646
178,3.4936714213794304e-11,3.551457420647229e-12,0.010009765934336567,22.9672091190893
179,3.4936714213794304e-11,3.551457420647229e-12,0.010009765934336567,22.91688756396182
180,1.1725846192264705e-11,7.074434069950708e-12,0.02001953186602934,22.776680300924568
181,2.2953622456872783e-11,-0.000193006538075619,0.059997559180473704,22.227145369617446
182,3.705865517929176e-11,-0.0005790196624608629,0.0900268562126505,21.817960379033188
183,9.231163044461807e-12,-0.0007720262577915392,0.14001464852630677,21.318390290313467
184,5.290201329139139e-11,-0.0011580393801598982,0.2000122077907185,20.72643497606361
185,4.217022112177974e-11,-0.0019300657091820609,0.36004638631777935,19.26877586929065
186,-1.002728465594771e-12,-0.0028950985709220805,0.47003173899123024,18.417744625986092
187,3.880576758772248e-11,-0.0036671249476674557,0.5900268547222977,17.491430408918145
188,4.067046732537181e-11,-0.004439151351947412,0.7400512701149725,16.491104758867262
189,4.690991831335039e-11,-0.005597191004652476,0.9100341801081467,15.429442203753549
190,4.8162090681527067e-11,-0.007141243891652426,1.1000366221333664,14.324781558570269
191,4.7291272987923806e-11,-0.0086852969276959,1.3200073245263293,13.199665009219565
192,-1.2737014245295856e-15,-0.010229350116755203,1.5599975587844024,12.067090049365502
193,4.816966687109819e-11,-0.012159416651960308,1.8200073241479544,10.931667656637623
194,3.0338306242186677e-11,-0.016598570363361556,2.420043945158587,8.684273532786502
195,5.140263065182554e-13,-0.018914650968346165,2.760009766089351,7.603872229752672
196,5.03088454520869e-11,-0.021616745191446237,3.119995117195464,6.584265316780687
197,3.0471036409568415e-11,-0.024318839840509518,3.510009766101358,5.6656746428602025
198,2.5873903819898684e-11,-0.030688063917598974,4.360046386582432,4.423868478973161
199,-2.315817822094751e-11,-0.03416218685172664,4.8200073243699,4.295094528165728
200,2.1648284531389287e-11,-0.03782931716535126,5.309997558186878,4.565894891555514
201,4.075027123152821e-11,-0.04168945494383801,5.820007323960741,5.180518665003138
202,2.292860070568429e-11,-0.04998875325167932,6.920043945817369,7.060359949688164
203,-0.0001942959654105273,-0.05462092079843269,7.5100097661869345,8.184647196550202
204,-0.00019429602117026655,-0.05944609630426686,8.130004882820545,9.378974480301032
205,-0.0001942959912122203,-0.0642712729424823,8.770019532268163,10.622494054488037
206,-0.00019429602885530156,-0.07507967141624175,10.140014648384405,13.205489385959732
207,-0.0001942960866117311,-0.08048387286257574,10.860046386296967,14.529890553159886
208,-0.00019429605265060165,-0.08646709666441277,11.61004638672164,15.87051948927791
209,-0.0003885922856786212,-0.09245032216841739,12.380004882282671,17.223737790382053
210,-0.00038859235488433036,-0.10538181396311876,14.010009764991795,19.952543602184257
211,-0.00038859241362491367,-0.11233008050736511,14.860046385964088,21.32423270405363
212,-0.00038859250094728083,-0.11927834946510082,15.740051269191996,22.69941372473903
213,-0.0007771850779361324,-0.12680564217158632,16.650024412584656,24.075859826114876
214,-0.000777185348274412,-0.14205324272870928,18.54003906112503,26.8236920238615
215,-0.0007771854714032038,-0.14996655797784578,19.520019530306268,28.19385376753624
216,-0.0007771856169886744,-0.15807288360405683,20.530029295544026,29.560949930006355
217,-0.0007771857374821302,-0.16675823401034984,21.55999755551951,30.92431834173226
218,-0.000777185976362478,-0.18432195312265126,23.7100219700072,33.63857961105118
219,-0.0009714826784218921,-0.1933933292237219,24.820007321916396,34.988961268537864
220,-0.0009714828822703549,-0.20265771677134486,25.96002196922059,36.33413123882843
221,-0.0009714830134937774,-0.21250113049490357,27.119995114076726,37.673166834343924
222,-0.0011657800566438974,-0.23238097913135575,29.52001952655881,40.33192398016376
223,-0.00116578028532722,-0.24241741439817704,30.760009761684827,41.65141870596722
224,-0.0015543741263213727,-0.25303287694514204,32.02001952659725,42.96325053001859
225,-0.001554374375082086,-0.2636483445820998,33.3000488230414,44.26671872208166
226,-0.0017486719304474832,-0.28584433503320883,35.95001220206108,46.84829879620991
227,-0.001748672284888157,-0.2974248580630896,37.30999755268786,48.12632193391148
228,-0.0017486726434475309,-0.3090053870764365,38.69000243431214,49.395101332213024
229,-0.0017486730435558244,-0.3207789299235138,40.09002684702885,50.6542397220518
230,-0.0019429709084842488,-0.3450980670228699,42.97003173004001,53.14382053531566
231,-0.0019429713817145787,-0.3574506540340494,44.450012197728086,54.37354798427749
232,-0.0021372689356169883,-0.3701892639254403,45.95001219633524,55.59211245820362
233,-0.002137269476101075,-0.38292788100950825,47.47003172716715,56.799174948128375
234,-0.002525865147913106,-0.409177169839114,50.57000731147618,59.17846983509058
235,-0.0027201631624951123,-0.4228808509721342,52.160034165920784,60.347155101423304
236,-0.0027201638318696563,-0.43658454036849764,53.770019517049334,61.49959286235643
237,-0.002720164563510609,-0.45028823817838454,55.40002439919892,62.63589523414683
238,-0.002914463556544469,-0.4784676928233338,58.72003172110927,64.85503534892412
239,-0.0031087619135148604,-0.493136458716428,60.41003416097535,65.93035616343815
240,-0.003108762729249859,-0.5076122256437109,62.119995096511985,66.98040051349692
241,-0.0034973590855276247,-0.5226670275209124,63.85003659926211,68.00540508576917
242,-0.0034973610077235584,-0.5527766602671859,67.36004636299029,69.96737203448166
243,-0.00369165984896776,-0.5680245009575619,69.15002438907227,70.88868851677161
244,-0.003885958766698316,-0.5834653599232962,70.95001218036013,71.76837677806826
245,-0.0038859599293111675,-0.5990992373546264,72.76000973810723,72.60670226664706
246,-0.00446885650389674,-0.6307530427957916,76.44000241041161,74.12269407462266
247,-0.004468857807755139,-0.6467729692555835,78.29003903057104,74.7779504304957
248,-0.004468859095398244,-0.6625998981934053,80.16003414611161,75.36270674174762
249,-0.004663158699031708,-0.679005864675725,82.04003902675235,75.87796881602033
250,-0.005051758223125068,-0.7116248199561755,85.8200072845459,76.6844835524094
251,-0.005440356619300178,-0.7280308179384009,87.72003169702894,76.972797724526
252,-0.005440358256441804,-0.7446298362488419,89.63000483986372,77.18404522675388
253,-0.005440359873992642,-0.7610358539940477,91.53002925231586,77.32282167152427
254,-0.0058289605013817246,-0.7940409310206666,95.35003657139669,77.43159261969483
255,-0.006217559789361036,-0.8106399891988433,97.26000971486506,77.40841860253468
256,-0.006411860440521802,-0.8270460478240311,99.17004389145214,77.33495827212545
257,-0.0064118623053799695,-0.8438381355895553,101.08001703410449,77.22153670057014
258,-0.006606165154441073,-0.8770363220149355,104.90002435469239,76.91613541715324
259,-0.006800466226854415,-0.8936354288296783,106.8000487658587,76.72711557009164
260,-0.007189066379680947,-0.9102345456044671,108.70001214305388,76.50318907122579
261,-0.007383367639887824,-0.9266406609525879,110.59002678742641,76.2517655748659
262,-0.007383369854758946,-0.9430467875501392,112.49005120009168,75.99673076681636
263,-0.0075776712516054025,-0.9594529209773579,114.36999504501722,75.74311099841725
264,-0.007771972781832447,-0.9760520757662317,116.26000968981441,75.48984490986723
265,-0.008160573980817636,-0.9924582287403549,118.14001457197412,75.23690088739549
266,-0.008160576397702238,-1.0088643914417725,120.02001945222125,74.98435958282184
267,-0.008549180189125524,-1.0416767427901688,123.7600096803418,74.48046039169175
268,-0.00874348223606913,-1.0580829313165707,125.61999502860084,74.22904654398539
269,-0.009132084224656275,-1.0744891311650566,127.49005117993192,73.97800741614188
270,-0.009132086836187277,-1.0908953372594492,129.34002676097464,73.72736027474552
271,-0.009520691846586877,-1.1237077799565338,133.0500487296576,73.22717477516413
272,-0.009909294339280662,-1.1399210041441334,134.90002431098583,72.97758281481336
273,-0.010103597141644827,-1.1561342359706501,136.74005116429913,72.72831498826531
274,-0.010103600052033939,-1.1723474772158662,138.58001698255907,72.47941455686325
275,-0.010492206105214874,-1.2047739860779068,142.2499998853551,71.98280702064935
276,-0.010880809448906702,-1.2209872536310906,144.08001697174603,71.73508093338272
277,-0.011075112828627923,-1.2372005285697394,145.9000242945643,71.48773131363028
278,-0.011075115997925638,-1.2534138128611525,147.72003161511338,71.24074087811702
279,-0.01185232385749429,-1.2856473961791772,151.3500364905509,70.7478341030073
280,-0.012046627657599882,-1.3016676950026975,153.16003404673015,70.50186598214462
281,-0.012046631036276382,-1.3178810142930728,154.97003160171397,70.25623192228615
282,-0.012240935194116561,-1.3346733937063175,156.8600462469589,69.99868904337004
283,-0.012435239256007924,-1.350500706966478,158.66003403547225,69.75379438038739
284,-0.012823844060996938,-1.3667140499863266,160.45001205981092,69.50922680847567
285,-0.012823847645307735,-1.3827343906245155,162.2400511177728,69.2650043534584
286,-0.013018152001184247,-1.3985617287797028,164.03002914247287,69.02114553759863
287,-0.013406757290446061,-1.4147750968502244,165.8099974020589,68.77765463728639
288,-0.01379536669982937,-1.446429813476943,169.36999495183412,68.29187011316982
289,-0.013989671489925372,-1.4626432063527666,171.1400144798976,68.04954592390132
290,-0.014183976458467924,-1.4782775728404807,172.9100340076325,67.80758562061683
291,-0.014572582514122304,-1.494490981313661,174.67004377038847,67.56600834598804
292,-0.014961193020072462,-1.526145777325612,178.19000225910256,67.08390556481723
293,-0.015155498345979158,-1.541780176518826,179.95001201937606,66.84337020033657
294,-0.015544105147691225,-1.5578006036276353,181.6900022494889,66.60315974564217
295,-0.015738410825732112,-1.5734350177484204,183.4400022458391,66.36327781788734
296,-0.01612702233016557,-1.6048968790557838,186.92004374260287,65.88456371284795
297,-0.01651562977150288,-1.62091734113113,188.66003397306332,65.64574505858123
298,-0.016515634230646423,-1.6365517847152997,190.39001443740594,65.40726079700245
299,-0.01690424197806759,-1.6523792466365341,192.1100461715406,65.16913588271579
300,-0.01748715638342764,-1.6836481738490499,195.55999733508705,64.69402528086354
301,-0.017875769359633746,-1.7151101396464286,198.98004127288027,64.22031341265313
302,-0.018070075985744023,-1.7305516162769812,200.69000220425286,63.98400464319724
303,-0.018458684798914188,-1.746379126647295,202.40002417386054,63.74804774131693
304,-0.018652991659610204,-1.7618206172900857,204.10003637594042,63.51244867315712
305,-0.018847298758640888,-1.7774551290046285,205.80004858011318,63.27717797993381
306,-0.019235907931552266,-1.792896633426404,207.4900510168184,63.04221158877315
307,-0.019430215213500857,-1.8085311589881738,209.18005345333455,62.80752133088146
308,-0.020401747465841762,-1.8706833065956394,215.90002413837001,61.872089608032574
309,-0.020596055171424436,-1.8861248545124192,217.57000704416242,61.63910437889902
310,-0.021178973432722473,-1.917007971776025,220.90002412413335,61.17420968897867
311,-0.021373281522125726,-1.9324495410574993,222.55999726420566,60.94233968288886
312,-0.021761892273001703,-1.9476981050278568,224.2200314383053,60.71084783229834
313,-0.022150503240252438,-1.9631396873364464,225.8699948139015,60.47966794676792
314,-0.02312204034627009,-2.0247130737740653,232.44000211803112,59.55806072051646
315,-0.023316349206938872,-2.0399616792502306,234.0800167621481,59.328545760934446
316,-0.02409357318444261,-2.0706519178749696,237.33001675084205,58.87033433895238
317,-0.0240935792826899,-2.085900540439819,238.95001186475304,58.64171597532019
318,-0.024482191568855297,-2.1011491707925005,240.5700069757668,58.41348273669721
319,-0.024870804172216116,-2.116397808924626,242.19000208871466,58.18563394295259
320,-0.025842345888350337,-2.1771994047863616,248.6100460134853,57.2774128368531
321,-0.026036655758486373,-2.1922550571570256,250.20001182838558,57.051247582056874
322,-0.026813882808208983,-2.2223663880806774,253.39001425973333,56.59983843902226
323,-0.027008192982049144,-2.2376150739748013,254.97003134369533,56.374596568372176
324,-0.027202503155889308,-2.252863767464584,256.5500484277391,56.14972775010565
325,-0.02778542088762598,-2.2679194540948053,258.13000447681554,55.925198423518054
326,-0.0281740420285428,-2.298030842687068,261.2700191139271,55.477189565404665
327,-0.02856265661278348,-2.313086548149821,262.84002643340165,55.25371227922404
328,-0.028756967405416566,-2.327949242815683,264.40002398647266,55.03050588061221
329,-0.028951278272908314,-2.343197974106514,265.96002153995886,54.807539775733545
330,-0.029534204375123607,-2.3731164111977647,269.0700068800717,54.362608165195155
331,-0.029922819553693015,-2.387786112937851,270.61004593722413,54.14070653587522
332,-0.030505738922410642,-2.403034870107136,272.16003372476706,53.91910249929806
333,-0.030505746344686932,-2.4178976011179856,273.7000117460024,53.69776849743533
334,-0.0316716014858055,-2.477541596906106,279.82000684013184,52.81585096719027
335,-0.03225452203519924,-2.4922113410376157,281.34002636614593,52.59627208375501
336,-0.03264314618068134,-2.5221298920298083,284.3699946151651,52.15796861143439
337,-0.03322606746278458,-2.5367996533936785,285.8800043753987,51.93936724253631
338,-0.033420379845976296,-2.5518554523350327,287.3900141354363,51.72111653858597
339,-0.03361469226810887,-2.5663322083326254,288.8900141290404,51.50316967151375
340,-0.03419761408288625,-2.5813880173940795,290.3900141229227,51.28546965456295
341,-0.034586239463072585,-2.6107275866885558,293.3699945798149,50.85099227908653
342,-0.03478055228448855,-2.6255903972431716,294.86004584271507,50.63428229451051
343,-0.0351691700217932,-2.6402601991863053,296.3500360711666,50.417843810071396
344,-0.035557787889610545,-2.655123019445504,297.83001653388885,50.20176857743112
345,-0.03614071911627923,-2.684462640933018,300.7700189624962,49.77071139036251
346,-0.03652933743455998,-2.698939446102532,302.24005069557825,49.55551328215427
347,-0.03691795587648911,-2.7138022896282,303.7100213916599,49.340567401749794
348,-0.03711226940978048,-2.7282791040398715,305.17004335767916,49.12598541533934
349,-0.03788950697744324,-2.7574257644424027,308.0800164900541,48.69801367227036
350,-0.03808382085312287,-2.7722886264687676,309.5300286906621,48.48452506906459
351,-0.03847243995489418,-2.7867654632461516,310.98004089125106,48.271376529347044
352,-0.038861059245325465,-2.8014353182814244,312.4200433261074,48.05855450922257
353,-0.0390553733511027,-2.8161051800131953,313.8600457607569,47.846025071507135
354,-0.03944399291880773,-2.830389011604942,315.2900384312559,47.63379355949074
355,-0.03983261250845677,-2.8450588820590137,316.7200310984673,47.42188294124822
356,-0.040026926944780286,-2.859535742889604,318.15002376807956,47.210315502589545
357,-0.040609852485618166,-2.8742056265087395,319.58001643847405,46.99904141910789
358,-0.04099848167282693,-2.902966350818687,322.4100335136051,46.577301681620746
359,-0.04158140775608666,-2.9176362494919377,323.8300164191366,46.36694572833319
360,-0.04177572252855805,-2.9321131290910682,325.2300408257724,46.15694572413511
361,-0.0419700374783493,-2.9463970032023794,326.6400139626944,45.94727207531184
362,-0.042747279281039885,-2.975350794255424,329.4400017440111,45.528850766162996
363,-0.04313590021930974,-2.9898276946881883,330.8300163842407,45.320094230728486
364,-0.04352452139991636,-3.0039185680943126,332.22003102600866,45.11172919301057
365,-0.043718836868534346,-3.0185884978520363,333.6100456681649,44.90373841505827
366,-0.0444960798567599,-3.047156299814155,336.36999438485765,44.4885365416576
367,-0.04469039563433802,-3.061440210120896,337.7499992608333,44.281388249658136
368,-0.045273323444300635,-3.075724121822877,339.1199943713737,44.07460535750389
369,-0.04546763939344605,-3.0902010566213067,340.49005051725214,43.868190953210664
370,-0.046244883624969,-3.118768901117843,343.2100212052505,43.456277971325534
371,-0.046439199863609656,-3.1330528325499905,344.5700065504995,43.2506504152259
372,-0.0468278222135241,-3.1471437480875752,345.92004316450453,43.04529257310428
373,-0.047216444930287454,-3.161620703828392,347.27001874431494,42.840305999125704
374,-0.047605067521270625,-3.175711626461534,348.61004559058796,42.63570683471417
375,-0.04779938404653024,-3.189995572209102,349.95001140504496,42.431403457305436
376,-0.0481880070661304,-3.2042795240436295,351.29003825255745,42.22735356826683
377,-0.04857663020815197,-3.218370464567882,352.63000406622774,42.02367511022633
378,-0.04915956001733176,-3.2326544233300343,353.9600211480882,41.820371948562595
379,-0.04993680708560468,-3.260836318860684,356.61004554795323,41.41484913636782
380,-0.050131124049090314,-3.274927272860216,357.93005286523663,41.21250528351898
381,-0.05032544110565665,-3.289018227547228,359.24005041659046,41.01043397162051
382,-0.05090837162920862,-3.3031091880602164,360.550047967492,40.80867458088152
383,-0.05187993734748456,-3.345382099261784,364.47003085556423,40.205305422736714
384,-0.05207425480696794,-3.359473072425879,365.76000887616556,40.00484232705977
385,-0.052462879250435954,-3.373564056692317,367.0599966611518,39.804743616310795
386,-0.05324012855812624,-3.4017460264250974,369.63000396981954,39.405545363212035
387,-0.05382306049093596,-3.415837017182412,370.9100332596842,39.20626713955209
388,-0.05401737835008754,-3.4299280136128916,372.1900015136529,39.00717299886441
389,-0.05460031076879598,-3.4438259978152446,373.47003080341284,38.80846603739052
390,-0.054988946854575546,-3.471814984612388,375.99999905088976,38.41255510171004
391,-0.05557187963064902,-3.4857129801301645,377.2700185729578,38.21498448956006
392,-0.05576619785890469,-3.4994179576475237,378.530028331316,38.017593523580516
393,-0.05615482396068075,-3.5142810770377904,379.8400258817989,37.81066528661141
394,-0.05693207571518638,-3.542077085139112,382.34002586664724,37.41794209507174
395,-0.05751500930120774,-3.555975097417146,383.5900258579258,37.22195158446872
396,-0.05770932794822098,-3.569680091253529,384.83001608457516,37.026069204407044
397,-0.05829226178105134,-3.5837711271151713,386.07000631017587,36.8305099563581
398,-0.058875207120309275,-3.611567167153991,388.5300282679138,36.441008793466345
399,-0.059263833696638936,-3.6252721711087745,389.74999896296083,36.2466959228156
400,-0.059458152768527346,-3.6389771861412092,390.9800404594539,36.05227302249039
401,-0.059846779517678216,-3.652875213378502,392.19000138975554,35.85806886822804
402,-0.06023540651076126,-3.6667732517900697,393.41003311793736,35.664648769007755
403,-0.06062403349737415,-3.6804782710944344,394.61999404906305,35.47206087844144
404,-0.06120696859061758,-3.6941832956616456,395.8300160140944,35.27966340432901
405,-0.06140128792103816,-3.7080813383008597,397.0300282130868,35.08688409257808
406,-0.06178991520561668,-3.7217863674960574,398.2300404111431,34.89401360576312
407,-0.06256717036074733,-3.749196435487006,400.6199940086293,34.51128267507016
408,-0.06315010605816124,-3.7630944930907155,401.8099964402709,34.320931788702154
409,-0.06334442576255886,-3.77641349345963,402.99005014432123,34.129299232736024
410,-0.06392736181210874,-3.7903115553686284,404.1700428119251,33.93663092817211
411,-0.06451030987006505,-3.8177216508250544,406.5200183813514,33.55589243448818
412,-0.06489893806254868,-3.831233684180153,407.69000128346545,33.366811599768205
413,-0.06528756640750134,-3.844938741553255,408.8600452204786,33.17549945981154
414,-0.0658705031498355,-3.858450778834812,410.0200183558959,32.97996239290495
415,-0.06664776041835539,-3.88586090644003,412.34002566446594,32.595035399677776
416,-0.06684208076186404,-3.8993729525084264,413.4900500693286,32.405521446988814
417,-0.06723070964312451,-3.9130780226050534,414.64001343995363,32.21622515560314
418,-0.06781364712503248,-3.926397053077337,415.7800280808185,32.016941088948116
419,-0.06859090518989545,-3.9534211607526544,418.05004759408456,31.608001906791444
420,-0.06878522594205964,-3.967126238017457,419.1800524702083,31.412141924388887
421,-0.06917385526767125,-3.9804452814247773,420.3099963095683,31.2243642591774
422,-0.06956248474087894,-3.9941503684239983,421.44000118311806,31.039620946044256
423,-0.07053405242084312,-4.020981479651766,423.6700426692567,30.65027348345108
424,-0.07072837355596236,-4.034300535758639,424.79003777824573,30.461588126742594
425,-0.07131131204745107,-4.048005629258086,425.90002312103707,30.2787818513203
426,-0.0715056332366002,-4.0613246820007145,426.99999869905423,30.097160203990352
427,-0.0724772021103293,-4.088155821051276,429.2000108885723,29.72926741703323
428,-0.07267152333316329,-4.101474881263596,430.2900377353707,29.544451198352093
429,-0.07325446259716967,-4.114986965702464,431.3800035470839,29.360739907713274
430,-0.07344878406843679,-4.128306035135776,432.47003039303803,29.17824911218892
431,-0.07383741446489712,-4.14162510258246,433.55004747407924,28.996487834378915
432,-0.07422604492076042,-4.1549441745240125,434.63000352053115,28.81495126229059
433,-0.07461467562867768,-4.168070231224941,435.71002060143036,28.633467704549197
434,-0.07519761545294312,-4.181582325503583,436.7800279178584,28.45225587634377
435,-0.0753919372108292,-4.194901404465012,437.8500352329688,28.271450300995667
436,-0.07616919904017631,-4.221539569183196,439.97997906289197,27.91094755798511
437,-0.07655782998953307,-4.23485864828756,441.0300278818027,27.731261089864493
438,-0.07714077048874557,-4.2479847183803505,442.08996439641516,27.551863569457588
439,-0.07733509242057689,-4.2611107862642585,443.1400132160206,27.372681775514636
440,-0.07811235503128856,-4.287748961633236,445.2199692528588,27.01519103864901
441,-0.07850098644333021,-4.300875035772227,446.2600083057502,26.837104377766448
442,-0.07888961809370651,-4.314194134402474,447.30004736077126,26.65935342934049
443,-0.07927824973097101,-4.327320210344935,448.3300766468067,26.481894910323902
444,-0.08005551316985796,-4.353572368079094,450.38000338652716,26.12797064590835
445,-0.08063845457284359,-4.366698449901935,451.4000229095609,25.95151088374095
446,-0.08083277693765242,-4.380017556291459,452.42004243177513,25.77541968031756
447,-0.08122140896198989,-4.393143639685793,453.4300521878723,25.599691750172557
448,-0.08199867329043001,-4.4192027985460625,455.4500717018213,25.249251624450352
449,-0.0825816152020122,-4.432328887453575,456.450071691178,25.07457716003679
450,-0.08297024759919912,-4.445261959983774,457.45007168306097,24.90025877932789
451,-0.08355318966775133,-4.4585810705922295,458.44006190858835,24.726320021227405
452,-0.08433045483371014,-4.484640242592113,460.4200423589096,24.379533515815982
453,-0.08452477765459326,-4.497573317293836,461.40002281793875,24.20668423387437
454,-0.08491341036521789,-4.510699416632531,462.38000327637815,24.03415263113384
455,-0.08549635305992923,-4.523632499345004,463.35998373748424,23.861935572574986
456,-0.08627361887061301,-4.549691683254958,465.3000471943759,23.51865075587017
457,-0.08646794194805461,-4.562431749988153,466.2700178892274,23.347597689370545
458,-0.08685657489202035,-4.575364834173613,467.22997881747995,23.17693492192369
459,-0.08743951811928304,-4.588297922396604,468.19006181602583,23.00659175956455
460,-0.08782815134662245,-4.601231007177823,469.14001297740685,22.836558365469457
461,-0.08821678460042097,-4.614164095824107,470.08996414069304,22.667059557612472
462,-0.08860541796800973,-4.627097188460323,471.04003737328713,22.498036857216448
463,-0.08918836157423109,-4.640030277527138,471.97997876975677,22.329282148833354
464,-0.0893826848495533,-4.652963370531268,472.9200422363662,22.160773417868604
465,-0.09113152967171853,-4.7043097088335095,476.6400129022319,21.490802386267116
466,-0.0915201635585153,-4.717242813442536,477.5700666039982,21.324176476866636
467,-0.0919087973639656,-4.729982885657808,478.4799787042714,21.158036842624803
468,-0.09288037573917428,-4.75565606995291,480.3100568097577,20.827014317270734
469,-0.09307469937512142,-4.768396153237601,481.21996890916546,20.66197396932454
470,-0.09365764394239763,-4.780943211424564,482.11999331263826,20.49728308989173
471,-0.09521218110299959,-4.831903550029277,485.70007139939213,19.843140879705487
472,-0.09560081546496356,-4.844450610837514,486.58007627284155,19.680537520069784
473,-0.09598944986435776,-4.857190696506217,487.4600811465692,19.518338124493056
474,-0.09696102977074954,-4.882670878376636,489.2199688220804,19.195257960831515
475,-0.0975439751089193,-4.89521794545975,490.0899639296804,19.034260690819174
476,-0.0977382989881745,-4.90776500832001,490.9500713414507,18.873657673225555
477,-0.0983212446122076,-4.920505103809664,491.82006644842346,18.71361736513455
478,-0.09929282501284845,-4.945792260242813,493.5300273660294,18.39497095041973
479,-0.0994871492060613,-4.958146315075484,494.39001270841675,18.23593183633677
480,-0.09987578411730087,-4.970886408685374,495.2399882844083,18.077356259417236
481,-0.10026441916629301,-4.983433476271682,496.08007616530324,17.91971516630451
482,-0.10123600025809398,-5.008527621246819,497.76000778587627,17.60576060411073
483,-0.10162463545757665,-5.0210746986869275,498.59997359573566,17.447783631472735
484,-0.10220758166696227,-5.0332357280892595,499.43005171213434,17.290496652496977
485,-0.10337348766982388,-5.070683928404203,501.9000223856052,16.831865655738696
486,-0.10395643417118564,-5.083231006258798,502.7199686636044,16.667323951097003
487,-0.10415075852073152,-5.095585057507945,503.5300272464846,16.491880995485335
488,-0.10453939405238515,-5.1081321337254595,504.3399637622468,16.316053462108346
489,-0.10531666502108745,-5.132840235832222,505.94006139801917,15.98481993341787
490,-0.1058996118513749,-5.145387313455697,506.739988146,15.845402783390279
491,-0.1062882476471812,-5.15754835032927,507.5400369637072,15.712106013337019
492,-0.10764846611411726,-5.194610512668181,509.9000222844318,15.21674260079307
493,-0.10784279059980617,-5.206771545367134,510.6800515720927,15.065674116060974
494,-0.10823142628942052,-5.21912559495152,511.4500710930877,14.929117043674832
495,-0.10881437369131765,-5.231479655691373,512.2299783080507,14.78794525126949
496,-0.10959164551738713,-5.2559947393788455,513.7600075848411,14.471629585591502
497,-0.10998028144197028,-5.267962748170298,514.5200173403613,14.317472526229107
498,-0.11056322905973277,-5.28050982656681,515.2800270966508,14.173666923573135
499,-0.11192346195253706,-5.328960935498943,518.2800270558083,13.584422327533801
500,-0.11250640967673467,-5.341314989415948,519.0200172790193,13.438895053650393
501,-0.11270073430217155,-5.353476023860686,519.7600075029613,13.297340536978705
502,-0.11347800675788859,-5.377605061784583,521.2199684214058,13.009910415628454
503,-0.11386664305479413,-5.389766096279564,521.95007094867,12.863836145634638
504,-0.11425528010699375,-5.402506226471952,522.7100807026981,12.713115588332247
505,-0.11600413743508296,-5.450571284390149,525.5700660148703,12.149633547676416
506,-0.11619846201485133,-5.462539287042158,526.2700171765936,12.008581284994301
507,-0.11658709846300301,-5.474507300973516,526.9799781024814,11.869528261312553
508,-0.11717005955306369,-5.498443310920511,528.3699927311523,11.593858848356025
509,-0.11755869602104925,-5.51041131556267,529.0600561971409,11.455364266756336
510,-0.11794733256553046,-5.522379322685708,529.7499975929502,11.317257407963943
511,-0.11930756675691484,-5.569672273903038,532.4699682548201,10.774032316859136
512,-0.11989051541970908,-5.581447253590388,533.1400121886224,10.63915287194322
513,-0.12008483993308439,-5.593608281387237,533.8100561239681,10.505101425587684
514,-0.12086211340487782,-5.617158244306923,535.1400121583279,10.239187175000005
515,-0.12105643773882133,-5.6289332162056525,535.7900365611899,10.107083004151816
516,-0.12125076241317409,-5.640708199416212,536.4500707319556,9.975561797483643
517,-0.12261099677848282,-5.68761507979677,539.030026742971,9.456486089499688
518,-0.12280532131083399,-5.699197034123236,539.6700413815544,9.329173606887755
519,-0.12299964564066014,-5.710972004811249,540.3000462534702,9.202645433148877
520,-0.12358260687458468,-5.734328930120797,541.5600559979922,8.949978194184617
521,-0.12397124336915546,-5.7457178525951305,542.1800511043257,8.824375454890873
522,-0.12435988005975772,-5.757299800356498,542.8000462118673,8.699942503002008
523,-0.12455420450912366,-5.769074773501701,543.420041319736,8.576590184942159
524,-0.12494285308567721,-5.7922386621242214,544.6400120011126,8.331294640131313
525,-0.12533148978475736,-5.803820609792804,545.2499973408553,8.209686574208872
526,-0.12552581394327347,-5.815016504119186,545.8499729169188,8.08932971300705
527,-0.12572013831365056,-5.8265984562708635,546.4600803288226,7.970041448565338
528,-0.1263030992419899,-5.8497623393695495,547.6500217141593,7.732964878259548
529,-0.12630311086117074,-5.861151256270289,548.2399875236682,7.615375878825502
530,-0.12649743489189416,-5.872540166168876,548.8200656373222,7.499151873735208
531,-0.12727471959590964,-5.906899931385877,550.5600558400789,7.156120172759307
532,-0.1274690436921611,-5.918095826145787,551.1400118852168,7.042835985630301
533,-0.12766336762080996,-5.9296777604572215,551.7100802332176,6.930783664555592
534,-0.12805200423679136,-5.940873649944747,552.2800265104465,6.820218567705229
535,-0.1282463393742213,-5.963651463126115,553.400021606619,6.60145895484936
536,-0.12824635062442902,-5.974654325894715,553.9600801898063,6.492951855926886
537,-0.12844067439286705,-5.986236251421408,554.5100069365839,6.385733339647191
538,-0.12921795826859586,-6.019823889716314,556.1500215534994,6.071364822781505
539,-0.1292179693792952,-6.030826752735748,556.7000703707629,5.968127209150505
540,-0.1292179801139043,-6.042215645486906,557.2299775872523,5.865997707464808
541,-0.1294123038130994,-6.053218502738229,557.7700166393957,5.765398131825461
542,-0.12960663810489098,-6.07561025085542,558.8300752113522,5.568758192222624
543,-0.1299952744202701,-6.0869991415889535,559.3499726617534,5.471335481983207
544,-0.13018959778717773,-6.097808963456267,559.8699921825854,5.374370773243186
545,-0.1303839422627973,-6.131203548343426,561.4200409778326,5.091155611950002
546,-0.13038395266749117,-6.142206391377947,561.9300507330468,4.9984257201560975
547,-0.1305782757879429,-6.153402250105449,562.4300507215133,4.9038188706462025
548,-0.13057828597913707,-6.164405086905497,562.9300507116694,4.810294216835125
549,-0.13096692215975622,-6.175214901752443,563.4300507004924,4.712018942088293
550,-0.1309669324042247,-6.18641076575118,563.9300506900189,4.611955235686318
551,-0.13096694247175816,-6.197413597981158,564.4200409132661,4.52616121582727
552,-0.13096695253319343,-6.2080303843597955,564.9100311387926,4.440289016999463
553,-0.13116129509244542,-6.240845842885136,566.349972513063,4.174066886251528
554,-0.13116130499724918,-6.252041697595525,566.8300750399095,4.089152395187767
555,-0.13116131461620062,-6.262851496303973,567.3000457318708,4.016838924522211
556,-0.13135563737018352,-6.273661296618437,567.7700164246992,3.9513783233484383
557,-0.1313556563164634,-6.29547390617238,568.6900603489797,3.8026285241650593
558,-0.13135566579591004,-6.306283701319283,569.1500212749762,3.729237319505596
559,-0.13135567530181222,-6.31709349803218,569.609982202853,3.661345890375411
560,-0.13116131441611745,-6.26343055791164,567.2900213186703,3.5971396699462126
561,-0.1315500252869961,-6.360139626633306,571.4000212216358,3.4078023216659865
562,-0.13155003433944334,-6.3709494109700895,571.8399626175344,3.3496880463094323
563,-0.13155004319173424,-6.3817591868590196,572.2700163166886,3.2961366836692276
564,-0.13155005226239425,-6.392375950296138,572.7100797816192,3.245907215964626
565,-0.13155006978157058,-6.413609451067635,573.560055346024,3.1524776854223293
566,-0.13155007842774258,-6.424226198467916,573.9799772115301,3.110664483115219
567,-0.1315500343242684,-6.3717215069344455,571.840021209592,3.072918436788814
568,-0.1315501126738447,-6.4670792302108575,575.6400113471965,2.9822317606350635
569,-0.13155012111985678,-6.477695974532631,576.0500455160161,2.9591472195097275
570,-0.13155012939467234,-6.488312709932516,576.4500699206792,2.93994590504051
571,-0.13135582429376022,-6.498929446605523,576.8499722524498,2.9246734739237956
572,-0.13135584056600585,-6.519969889706273,577.6400112946131,2.905343476118481
573,-0.13135584857440705,-6.5305866201632226,578.0300259305053,2.9010899428939783
574,-0.13155012108714328,-6.478468070918927,576.0500211010125,2.9004381108556196
575,-0.1309672532050969,-6.572667475468833,579.5600551841422,2.9198708332300853
576,-0.1309672608072193,-6.583091167359562,579.9300502896245,2.933259872308319
577,-0.13096726843580078,-6.593514860467059,580.3000453969834,2.9499570388355725
578,-0.13096727600136204,-6.604131579027059,580.6700405036989,2.9699022664267596
579,-0.13038435049769567,-6.6247859366186175,581.4000209506078,3.019092576282736
580,-0.13038435763051903,-6.635209613620397,581.7499965250177,3.0481748503210326
581,-0.1309672608173356,-6.5838632642071335,579.9300209928975,3.080121803883216
582,-0.13019006578826708,-6.6666736864747085,582.8100550858653,3.1520923523448485
583,-0.12999575922854512,-6.676904333239024,583.1500208950448,3.1919720770986064
584,-0.12999576615274527,-6.687134981100239,583.4899867050701,3.2343131985998093
585,-0.12960714587975344,-6.697558654506455,583.83007458486,3.2789950874742346
586,-0.12941283924117075,-6.707982328939536,584.1700403943534,3.325900186646472
587,-0.1292185390549813,-6.728636635605662,584.8300745520619,3.425856991622583
588,-0.12921854552085,-6.739060292061563,585.1500208294148,3.478740110690468
589,-0.12980145236286406,-6.6881000922388045,583.4800208835052,3.53344117840211
590,-0.12863561763324716,-6.759714583821942,585.7900354562596,3.5898585003663936
591,-0.12824700306847195,-6.780175844600383,586.4200403167348,3.7074906292567014
592,-0.1282470092724396,-6.7902134466668755,586.7299768303537,3.76864282951214
593,-0.12805270161876317,-6.800637087968117,587.0300256478723,3.8312321679581687
594,-0.1276640804588375,-6.810867716475328,587.3399621582735,3.8951843934570682
595,-0.1272754649635714,-6.831328944320152,587.930050028637,4.026884377022735
596,-0.12727547072505876,-6.841559554118316,588.2199670086412,4.0945242525744145
597,-0.12824700888302004,-6.791178547446035,586.7100207742179,4.163293716988345
598,-0.1266925411196015,-6.861827752366745,588.8000451110032,4.2331454846152745
599,-0.1263039247964179,-6.882481981429333,589.3599816134287,4.375883788997798
600,-0.12591530287109967,-6.892326536101033,589.6400109001111,4.448664903392785
601,-0.12572099439186732,-6.902750154334475,589.9100304196202,4.522321684182765
602,-0.1255266860496501,-6.912980748915274,590.1800499388563,4.596820528898044
603,-0.12533237760088425,-6.922825295282903,590.4500694594184,4.6721106502213425
604,-0.12494375515995998,-6.933248905160736,590.7100792148896,4.748129784651921
605,-0.1245551326783677,-6.943286466673554,590.9699668986825,4.824844154582744
606,-0.12591530241658994,-6.893291636964487,589.6200206625695,4.90222089571113
607,-0.12436082881576656,-6.963554606000828,591.4799766415363,4.980209269565803
608,-0.12358358317052029,-6.983822726550419,591.9699668536101,5.137881277153979
609,-0.12338927430334999,-6.994246341430416,592.2299766081003,5.2214714575450945
610,-0.12280633748058754,-7.004476910471787,592.4699668304606,5.301543234207867
611,-0.12261202807487527,-7.014321420084387,592.7000693590065,5.382031441734726
612,-0.12202909534129774,-7.034396490499657,593.1600302735898,5.544157113819276
613,-0.12164047207969758,-7.044627051420629,593.3900107316928,5.625713415197573
614,-0.12125184852973374,-7.054471552661122,593.6099814241414,5.707585142142667
615,-0.12105753884262857,-7.064702103990416,593.8300741863083,5.789747553369895
616,-0.12028029143485598,-7.084777148048107,594.2600058029617,5.954812560677183
617,-0.12008598151516926,-7.094814665495826,594.4699667295592,6.03765777104986
618,-0.11989167168246112,-7.104659159059921,594.6800497279507,6.120694996513443
619,-0.11930873370922859,-7.114696666580183,594.8800008878221,6.203924003432863
620,-0.11853148551047346,-7.134771683666729,595.2800252803545,6.370880915976587
621,-0.11814286125125532,-7.144616157124933,595.4699666747377,6.4545606207590955
622,-0.11989166717657726,-7.095200681291759,594.4400204419558,6.538363928604394
623,-0.11755992627075645,-7.164498119329152,595.8399617687822,6.622306749520687
624,-0.11717130195662882,-7.174535619362152,596.0300252346011,6.706359741838817
625,-0.1169769912934918,-7.18457310870479,596.2100789342661,6.790523434662152
626,-0.11639405252604251,-7.194417562329859,596.3800007985797,6.87478753088974
627,-0.11619974197920357,-7.204455052778435,596.5600544982515,6.959138899572225
628,-0.11561680313201733,-7.214106482789899,596.7299763613698,7.04361432482013
629,-0.11503386693876913,-7.2339883959904965,597.0500446973448,7.212766857060155
630,-0.11425661412825575,-7.244025865701268,597.2100788671695,7.297420932099464
631,-0.11619973818050762,-7.194803577759032,596.3500203295632,7.382143223555585
632,-0.113479363674465,-7.263907770296884,597.5200153670503,7.466924850974065
633,-0.1127021130518464,-7.283596640739229,597.8200641726929,7.636598753816382
634,-0.11250780157128235,-7.293441065087726,597.960078810749,7.721469679531412
635,-0.11173054795519265,-7.30328548979414,598.0999713771129,7.806371399264096
636,-0.11153623648559616,-7.313322939838034,598.2399860135924,7.891285054498109
637,-0.1105646709752828,-7.333011768492051,598.4999957561485,8.061026486275862
638,-0.10998173099508418,-7.342856171833003,598.6199908623787,8.145903091804835
639,-0.11211917282729479,-7.293827068550962,597.9200202157884,8.230772348284491
640,-0.1090101652131274,-7.362544991225897,598.8699908398469,8.315602504656217
641,-0.1082329130008037,-7.382233788887661,599.099971285113,8.485102852896356
642,-0.10784428667234024,-7.392078170887751,599.2000689302768,8.569763551101364
643,-0.10726134638306442,-7.401729539917949,599.3100542711389,8.65436574699443
644,-0.1068727200887934,-7.411573922400891,599.4100298451715,8.73891255735425
645,-0.10590115313315271,-7.431069663484267,599.609980994038,8.907709172537986
646,-0.1053182125209289,-7.4411070600984255,599.7000688726408,8.991973623832985
647,-0.10764997211166256,-7.39227116066363,599.1700201009596,9.076131856934579
648,-0.10415233119406508,-7.460409754596643,599.8800004911312,9.160194295940977
649,-0.10318076350919404,-7.480098476359995,600.0400346472387,9.327977436757838
650,-0.1029864506763869,-7.489749800860325,600.1099809255358,9.41169154663018
651,-0.10220919561082684,-7.499787187276183,600.1900590382384,9.495281351447225
652,-0.10162625453093564,-7.509438512244938,600.2600053149307,9.578729388331181
653,-0.10123762740088567,-7.519089825710475,600.320063897514,9.662056478481485
654,-0.10065468608678128,-7.528934164008607,600.3800004093723,9.745260757022193
655,-0.10026605895185835,-7.538778502679308,600.4400589913072,9.828324035210391
656,-0.1027921360331398,-7.490328839973102,600.0800199865034,9.91123299188695
657,-0.09929449031005191,-7.558274143605867,600.5500443197084,9.994007176212644
658,-0.09793429329227163,-7.57776977326058,600.6500198832482,10.159191778913346
659,-0.09754566578763456,-7.58722803912923,600.6900589334582,10.241529047367974
660,-0.09676841015070838,-7.597265379535535,600.7299759136222,10.323704418229768
661,-0.09618546833061926,-7.606916658484842,600.7600051991208,10.40572027309274
662,-0.0950195848832166,-7.626412253531612,600.8300735355222,10.56932849251131
663,-0.09482527114674483,-7.636063520552357,600.8499709854419,10.65093651734981
664,-0.09735135112852498,-7.587807065738153,600.6500198711341,10.732352909908295
665,-0.09365938726411102,-7.6551730302384975,600.890010023121,10.81360143594278
666,-0.09229918912504506,-7.674861602585216,600.9200392975766,10.975607974493377
667,-0.09191056114948128,-7.684512857901846,600.9300490517728,11.056365868911358
668,-0.090938990834627,-7.693971088397582,600.9400588060703,11.136959037774632
669,-0.09035604855458228,-7.704008381326181,600.9400587939662,11.217411651561926
670,-0.08919016396431886,-7.723310855545778,600.9300490044407,11.377792054330126
671,-0.08860722167243393,-7.732769073897537,600.9300489924299,11.457675744582346
672,-0.08821859338129585,-7.742613329712994,600.9200392157246,11.537368756332038
673,-0.08744133670844541,-7.752264548412216,600.9000196720033,11.616896785371093
674,-0.08627545174683662,-7.771373960743777,600.859980585882,11.775363864227668
675,-0.0854981951114164,-7.781218204114301,600.8399610424368,11.854344937375782
676,-0.08491525250470172,-7.790869410408198,600.8100538045913,11.933136146448238
677,-0.08433230981588852,-7.8005206164573355,600.7800244956122,12.011704704758696
678,-0.08355505310885313,-7.809978797576458,600.7499951874073,12.090052924997368
679,-0.08258348176927212,-7.829474209469436,600.6700391086046,12.246121498481541
680,-0.08549819443541253,-7.781797217365463,600.7900196361406,12.32383752782855
681,-0.08102896800904665,-7.8487765836527625,600.5800732638353,12.401336917121968
682,-0.08025171108114892,-7.8582347393872265,600.5300244235016,12.478623204416335
683,-0.07908582531057337,-7.877730112669716,600.4200390494229,12.632566680210813
684,-0.07830856828060107,-7.88738128033221,600.3599804433015,12.709168249220436
685,-0.07791993930242232,-7.89683941067203,600.2900341426545,12.785542074180476
686,-0.07714268219109247,-7.906490565474872,600.2199657704655,12.861692683959937
687,-0.0755881680537655,-7.925985899528315,600.0800731686288,13.013226241938444
688,-0.07889151045895998,-7.878695162299127,600.3600195158532,13.08862393989076
689,-0.07422796772030298,-7.945095157873542,599.9200389637714,13.163800201024614
690,-0.07345071063293544,-7.954553274165043,599.8399608270862,13.238736608107853
691,-0.07286776742751594,-7.964397427442884,599.7499949949769,13.313429800068528
692,-0.07228482430096429,-7.974048555627498,599.6600291625816,13.387877289071634
693,-0.07150756715131752,-7.98369968356342,599.5700633303067,13.462104870782468
694,-0.07073030984308765,-7.993157773582647,599.469965661483,13.536136632921886
695,-0.06995305260111576,-8.002615863472807,599.369990064722,13.609909770073202
696,-0.06859285211827139,-8.022111104128722,599.1600291021082,13.75657856624385
697,-0.07209050970515023,-7.975013616821601,599.6100193950576,13.829564666935909
698,-0.0670383374984242,-8.041220281188686,598.940058373913,13.902324412646056
699,-0.0662610802100282,-8.050678344093654,598.8200632449978,13.9748321900892
700,-0.0649008796840121,-8.070173543225863,598.5800729860049,14.11912849590069
701,-0.06412362231425503,-8.079631592281705,598.4500680910116,14.19087626103952
702,-0.06315205101699096,-8.089282665731087,598.3200631964118,14.262348462714124
703,-0.0623747937053847,-8.098740714015753,598.1900583014072,14.3335501762632
704,-0.0608202789784699,-8.118042833296165,597.9100289807391,14.475249786861117
705,-0.06470656497308241,-8.070945565910087,598.5200192735139,14.545724281259
706,-0.059460078341271844,-8.137344938050484,597.6199898919909,14.615952367198172
707,-0.05848850715780907,-8.146802971437138,597.4799752310093,14.685917046233083
708,-0.0569339926068362,-8.165912023152215,597.1700386847943,14.825088117350605
709,-0.056156735300456,-8.17575607886842,597.0100044920956,14.89428505530682
710,-0.05557379210090821,-8.185214084651331,596.8499702996406,14.963214223025695
711,-0.05460222079289801,-8.194865101872304,596.680048411839,15.031869167403096
712,-0.0528533923627135,-8.213781085017475,596.3399604969887,15.168418545603858
713,-0.05673967814640957,-8.166877069526887,597.110019152104,15.23628567028327
714,-0.05110456399589125,-8.233276114423038,595.9799751200745,15.303856413753579
715,-0.05032730690450733,-8.242927116025623,595.8000434669727,15.37114379669178
716,-0.04857847870353905,-8.261843054962663,595.4300483259046,15.50485121355735
717,-0.047801221564990046,-8.271494041700214,595.2399848355772,15.571318315004186
718,-0.04682965060499844,-8.281145014913944,595.0400336522845,15.637522682167655
719,-0.046246707450483114,-8.29079598737169,594.8399603966816,15.703420858005748
720,-0.04449787958527611,-8.310097930764853,594.4400580280744,15.834313433942173
721,-0.04838416437630071,-8.262808100180132,595.3700190269456,15.899345595691209
722,-0.04255473798523522,-8.329013795949127,594.0200140575746,15.964088886905264
723,-0.041777481078395684,-8.338857776955264,593.8100531073885,16.02854059128713
724,-0.03983433964380626,-8.357966636595394,593.3699896049679,16.15657627618072
725,-0.03886276902121469,-8.367617564580616,593.1400091233744,16.220160638348258
726,-0.038085512375803036,-8.37707548047346,592.920038409315,16.28348466105434
727,-0.03711394178977259,-8.386533382487862,592.6900579264956,16.346562894451232
728,-0.03517080081049136,-8.406028231652776,592.2100774323015,16.471966882899423
729,-0.03964002530723988,-8.358931667431342,593.3000189027406,16.537367988246885
730,-0.033227660154518314,-8.42571608898436,591.7199651020577,16.599400364309503
731,-0.032256089839262744,-8.435173960777854,591.4699650888995,16.661204406430155
732,-0.031090205786782503,-8.444824856407529,591.2199650751876,16.72275279208825
733,-0.030118635725702128,-8.45447575124722,590.9699650632103,16.78399325838976
734,-0.02914706562793607,-8.463933607578424,590.7100773560101,16.84492236835856
735,-0.028175495612763807,-8.473777512067231,590.4500675763494,16.905560742350584
736,-0.027203925665488286,-8.483235366655032,590.1900577979885,16.96598038437299
737,-0.025260786031962638,-8.502537095714478,589.6500187096277,17.086276370919204
738,-0.030118635437865172,-8.454861720389433,590.9100187740678,17.145896891778225
739,-0.023123332999124786,-8.521838821445218,589.109979622258,17.205107635811544
740,-0.022151763378263564,-8.531296645291183,588.8300723828205,17.264071610492028
741,-0.020208624457484187,-8.550598325580857,588.2600039979683,17.3819488348387
742,-0.01923705508019775,-8.560056133223233,587.9699649212776,17.44038882070839
743,-0.017876858453317684,-8.569899989024632,587.680047916474,17.49806205413159
744,-0.016905289248848907,-8.579550805791326,587.3799990748853,17.55532161611818
745,-0.014767837524325365,-8.598659425908796,586.7900332287095,17.670801616885132
746,-0.01981999681482207,-8.550984293603015,588.2000186449595,17.72826232473661
747,-0.012436072505304145,-8.617768001601439,586.1700380852787,17.784499656037514
748,-0.011270190106028987,-8.627611824562173,585.8599794779213,17.8399768035886
749,-0.009132739356904803,-8.646913405374438,585.2299745684909,17.9531708064111
750,-0.008161171033514875,-8.656371163176797,584.9100282682813,18.01045912223897
751,-0.006800975518304753,-8.666214968606146,584.5899598948836,18.06633859972745
752,-0.0056350936247622045,-8.675865735168884,584.2600038270851,18.121951390928388
753,-0.003497644016135741,-8.694974240750524,583.5999696208468,18.23427088830907
754,-0.009132739297837183,-8.647492396692083,585.1700185133388,18.292379938000394
755,-0.00097156765066456,-8.714468763587513,582.9200379533424,18.348574167339567
756,0.0001943135101667158,-8.724119511310509,582.5800721193748,18.40524114100147
757,0.0025260755378330624,-8.74322795155586,581.8799988515484,18.51944384224005
758,0.003886269835323453,-8.753071706578808,581.5300232518213,18.57983975261642
759,0.0048578370560483745,-8.762915446682568,581.1700378867313,18.64131266109732
760,0.006218031033960057,-8.772373137145191,580.8100525231342,18.696041773420536
761,0.007383911442990706,-8.782023850801524,580.4500671578322,18.752954160711354
762,0.00854979167920725,-8.791867573684028,580.0800720276334,18.816127045740622
763,0.002720388966771689,-8.743999965918821,581.8200183815903,18.873852258849055
764,0.012241745056188892,-8.820626624757487,578.9600768689181,18.984471383541056
765,0.014962130988729831,-8.840314032298018,578.2000670754387,19.084105525993824
766,0.01612801042921843,-8.849964710146173,577.820062179706,19.13392399424646
767,0.017488203038916295,-8.859422348691805,577.4300475186214,19.18615829607136
768,0.018654082042306456,-8.869266034345793,577.0400328560999,19.23853100027938
769,0.02156877961237928,-8.8885673257136,576.2399840013575,19.34355274962207
770,0.022928971552393203,-8.898217969591498,575.8399595734469,19.39669618199344
771,0.02428916325657675,-8.908061636450219,575.4400572169201,19.450534275152705
772,0.025649354759492236,-8.917905287857478,575.0300230222175,19.505288509248363
773,0.028175423863883334,-8.937206524785982,574.2000669399604,19.618386570546807
774,0.02972992804924739,-8.947050158249104,573.7800229810584,19.677150299794715
775,0.03089580552095306,-8.956700766378097,573.3599790226187,19.7376587792431
776,0.03264462254336703,-8.966158349355766,572.94005713342,19.80008624882558
777,0.0355593161966092,-8.985845564785343,572.0700619891758,19.931289604777785
778,0.028369736877116813,-8.937592474080125,574.130018112351,20.000306350309963
779,0.040028511574036696,-9.014797284507356,570.7499935885561,20.145485527329477
780,0.043331829324406074,-9.034098410090541,569.8599789115202,20.300346655039284
781,0.04469201801240033,-9.043748949486279,569.4000179616036,20.381383955727905
782,0.04644083274274134,-9.05359251138455,568.9400570092992,20.464722177125868
783,0.04799533418268743,-9.063243047794758,568.4799739873482,20.55022168915185
784,0.05129864924017216,-9.082158040396584,567.5400325530012,20.72710904027837
785,0.04333182878697412,-9.034484343919116,569.7800179727532,20.818173986540334
786,0.056350776221059294,-9.111109546824213,566.0999690355119,21.00454199323572
787,0.05790527589349762,-9.12076003167322,565.6099787890588,21.09939326974457
788,0.05965408835781873,-9.130217491283755,565.1199885395913,21.195030294353234
789,0.06140290048585151,-9.139674934992644,564.6199885268016,21.291203859543973
790,0.06295739937317335,-9.149132377209247,564.119988512044,21.387699545538943
791,0.06451189790836277,-9.158589803446946,563.6099787330302,21.484291211298142
792,0.06626070908084469,-9.16843327559805,563.09996895273,21.580736388714456
793,0.059654087455084104,-9.130796418561951,565.0200178360661,21.77237539893819
794,0.07267301209613855,-9.206262901160846,561.0200128440439,21.96100590765726
795,0.07461613453242726,-9.215527265414725,560.4899835334741,22.053706495522572
796,0.07617063084553871,-9.22498463740052,559.9500665271112,22.145092747070937
797,0.07791943976784836,-9.234442007544862,559.4100274505844,22.235004381218268
798,0.07927962281128549,-9.243899376094676,558.8699883748257,22.32328677588257
799,0.08102843107251011,-9.253163705009818,558.3200616030148,22.409789233729935
800,0.08258292620107197,-9.262621055698586,557.7700127620978,22.494335575883706
801,0.07617062963269915,-9.225756586172324,559.8500176994078,22.656987730338333
802,0.08841227795055157,-9.300064321966572,555.5200127064667,22.81032175900551
803,0.09016108423887588,-9.309328611722776,554.9500664032108,22.883200167427194
804,0.09288144508336196,-9.328050194713875,553.8000419621852,23.0208768910225
805,0.09404731238423038,-9.337121441118331,553.2199638230192,23.085546602304323
806,0.0957961172062737,-9.34677174139259,552.6299979889009,23.14733090486444
807,0.09696198386677411,-9.35584296979857,552.0400321547138,23.206180206720788
808,0.09132695062029648,-9.319364831663178,554.2700175610411,23.31500675609064
809,0.1024026982058224,-9.393285976387432,549.660027217081,23.412016046269784
810,0.10337425098436372,-9.402550189753102,549.0500418516942,23.456142175709626
811,0.10609460568168828,-9.421464657642915,547.8300711206313,23.535988988097632
812,0.10726047023952201,-9.430728865452501,547.2199636840708,23.571950358470033
813,0.10862064687924271,-9.44018607995327,546.5999685537633,23.60548422812092
814,0.10978651064298012,-9.449643292616855,545.9799734224331,23.63681191611119
815,0.11095237413919505,-9.459100488463069,545.3499685249766,23.666181270942168
816,0.11464427578944786,-9.487279056632575,543.469963600177,23.745364588644037
817,0.1160044504587761,-9.496736230187505,542.8300710076758,23.76989395125279
818,0.11833617441493105,-9.516036617294745,541.5500416816665,23.81840896803693
819,0.11989066064679961,-9.525493784905327,540.9100270189095,23.84315518546534
820,0.12105652185291527,-9.534950935504874,540.2600025917932,23.868714052162854
821,0.12241669501526586,-9.544408084188904,539.6099781628203,23.895484786066792
822,0.11736462303549237,-9.507351389999476,542.0900172811099,23.95410827450132
823,0.1276630721066615,-9.582236614298166,536.979973222173,24.021835284035976
824,0.12921755557641354,-9.592079768909283,536.3100513325113,24.059863927396595
825,0.13213220950975085,-9.610993980096238,534.9699634134663,24.14538536271823
826,0.13368669193046528,-9.620451067664689,534.2900317580101,24.19323053771383
827,0.13504686188459952,-9.630101175847887,533.6099780316009,24.244590697159857
828,0.13679565549501588,-9.639558259346614,532.9300463770271,24.29949722847284
829,0.13096634866075696,-9.602308800336129,535.5300171372787,24.419718108266707
830,0.14301357762116068,-9.677193458246485,530.1500170228078,24.552953271692058
831,0.14476236902609124,-9.686650500927563,529.4500658367607,24.623910125091857
832,0.14806563843337672,-9.705371526501862,528.0300218637125,24.773000953661093
833,0.14981442825172078,-9.714635509572338,527.3100511460057,24.850413764416334
834,0.151368905894221,-9.724092512980947,526.5899583573566,24.929196102949398
835,0.15311769476311238,-9.733356476459639,525.8599778743952,25.008945215589012
836,0.14651115692104863,-9.69668639510131,528.6100169937292,25.169684169622347
837,0.15972422217102208,-9.770026233177555,522.9200364112312,25.329224596488675
838,0.1614730085595283,-9.779290155101137,522.1700363977085,25.407507723200077
839,0.16477626731071993,-9.798010952858638,520.6299973063246,25.56298553831096
840,0.16633074067201492,-9.807274852635352,519.8699875256208,25.63570653426481
841,0.1676909019083717,-9.81634572782848,519.1099777446035,25.705873287858388
842,0.16943968577419316,-9.825609607633991,518.3399582014438,25.773213048196492
843,0.1628331678001128,-9.789325963724101,521.2900168497731,25.898386730482983
844,0.17507463583163868,-9.86169994658884,515.2299727942654,26.009416912998013
845,0.1766291060124091,-9.870770777615009,514.4500655528659,26.059213672325818
846,0.17915511014663285,-9.889105407842766,512.8599776332943,26.146911601451546
847,0.18051526755959632,-9.897983194319597,512.070060627269,26.184708117383845
848,0.18168111307323587,-9.907247006965607,511.2700117844555,26.218464213242505
849,0.18304126962371814,-9.916317795187842,510.46996294135414,26.248208415240693
850,0.1776006387273411,-9.88022749465772,513.5700167087099,26.296058712700212
851,0.18789895730028092,-9.95279388462227,507.22997264940506,26.329479616594156
852,0.18906480065683998,-9.96186464575672,506.4200361120611,26.341328861984714
853,0.1913964855389419,-9.98019913550526,504.77001166988305,26.356826032039688
854,0.19236801664005176,-9.98926987382762,503.9500653663181,26.361194001113724
855,0.1935338582053975,-9.998726637581703,503.11998722687696,26.363858048557773
856,0.19450538842007492,-10.007990377210298,502.29003115736504,26.36531976350644
857,0.1956712293857317,-10.017254114390083,501.46007508686847,26.3660863733048
858,0.19936306094721842,-10.04504527946229,498.9500652773509,26.36956067575717
859,0.20091752199932295,-10.054501996690663,498.09996760539934,26.372913708428126
860,0.20344351042222833,-10.072836374798598,496.41002617093335,26.386128155964073
861,0.2048036593994347,-10.082100063021695,495.5600505706903,26.396989611268136
862,0.20616380774925677,-10.091556754462623,494.70006520266793,26.411283811487465
863,0.207523955642364,-10.100820421544194,493.83995776694485,26.429345768272714
864,0.21043856084880344,-10.119540754124172,492.1099772680148,26.477954222689423
865,0.211993018101477,-10.128997419343253,491.23998213553193,26.508861881318683
866,0.21335316423357056,-10.13826106043385,490.3699870037185,26.544273000239983
867,0.2151019308917146,-10.147524682980913,489.48998210660864,26.584140928863604
868,0.2184051523579531,-10.165858898946874,487.7299723111066,26.676617126237982
869,0.22015391740630394,-10.174929476329025,486.8399576484245,26.728706866932967
870,0.22151406069578897,-10.184193072734587,485.9500650543374,26.78417793833592
871,0.2234571349641867,-10.193263628891287,485.05004062539825,26.8425704637214
872,0.22676035001359357,-10.211211696072366,483.2399820029753,26.965985187686226
873,0.22850911184885905,-10.220475249807688,482.33006987917366,27.029800032515244
874,0.23006356277778522,-10.22954577947978,481.4200356858495,27.094187522790705
875,0.23181232331882126,-10.23823024798919,480.49999172396696,27.158512287063555
876,0.23511553214168987,-10.255985203661664,478.65001611118066,27.284367201902345
877,0.23647567019875013,-10.265055690532334,477.7199623854593,27.344635970674688
878,0.238224428081725,-10.273933137615423,476.7800209643712,27.402357342052973
879,0.23977887512137372,-10.282810581882526,475.839957473072,27.457032727088652
880,0.23317245859731126,-10.247493599666347,479.4700161251888,27.555289314212175
881,0.24541372717208818,-10.31793424239064,472.05004042303653,27.636180975740636
882,0.24657955101664306,-10.327004661750827,471.0899574005228,27.669376851311366
883,0.24813399463830876,-10.335496015947475,470.12999644920774,27.69752851334791
884,0.24929981772944995,-10.344566430130733,469.17003549587406,27.720515819892896
885,0.2504656400516784,-10.353250783556227,468.20006477962346,27.738310293756744
886,0.25182577202245326,-10.362128154904777,467.229971992367,27.75094795862323
887,0.25299159355707557,-10.370812502981394,466.26000127415824,27.75857076277369
888,0.24755106091291723,-10.336074931812627,470.04001597904386,27.759482266789437
889,0.2574605653564242,-10.4067079430433,462.3499670356366,27.743407202720842
890,0.25843207494217774,-10.415392261138512,461.3699865520759,27.730066694200126
891,0.26056940216057034,-10.433532938546014,459.39000605343233,27.695408965427116
892,0.26154091041055383,-10.442410252466432,458.40001580477747,27.675323795220297
893,0.2629010373937578,-10.451673588097877,457.4000157893377,27.65429112608118
894,0.26406685467101265,-10.460743916849673,456.4100255398182,27.633044366033037
895,0.25959788994302296,-10.42523453554995,460.29001583261106,27.592774786393093
896,0.2689244271528832,-10.497218124418442,452.39000594836546,27.560386699707202
897,0.27009024174362295,-10.506288405713027,451.37999616634687,27.54882068430995
898,0.2716446749451477,-10.515165663811446,450.3699863876123,27.541173517450765
899,0.2743649201313966,-10.533692219335329,448.3300693652876,27.539502297597974
900,0.2759193515267405,-10.542762472338984,447.31004981769826,27.546247589290978
901,0.27727947253832597,-10.551639685608539,446.28002050564334,27.558304808310726
902,0.2790282117947401,-10.560902936213672,445.2499911928824,27.575756570140864
903,0.2819427603867541,-10.578657331659327,443.1800448762207,27.62643206120953
904,0.2838858068390248,-10.587727536581452,442.14000579869986,27.659124395135283
905,0.285634543012864,-10.596797721804451,441.0899569550815,27.69614760836056
906,0.28718896950159567,-10.605481864297658,440.04003018125553,27.736929532106675
907,0.2904921294389532,-10.623043143559931,437.93004480094993,27.82706720897902
908,0.29224086295634133,-10.631920280228131,436.8699861916752,27.874866613168265
909,0.29398959540561004,-10.64060437750077,435.8000398871175,27.923354063584235
910,0.2955440182281694,-10.649481491516596,434.7300325491266,27.97167175238223
911,0.297292749129413,-10.658165565976008,433.6500154436848,28.018966727401583
912,0.2986528614104853,-10.666463597972509,432.56999834074145,28.06439656889288
913,0.300401591128446,-10.675340686341942,431.4900422709753,28.107132266783996
914,0.30156739307780894,-10.683831715361235,430.40001540119187,28.146433378279376
915,0.30331612132260144,-10.692322741498664,429.30998853009623,28.181609709780815
916,0.3060363401871812,-10.709497787698592,427.1199860596994,28.23723070916926
917,0.3072021399249407,-10.717988788154658,426.02001046007473,28.256796981588433
918,0.308562248013787,-10.726479785692948,424.9200348584188,28.270406699313828
919,0.3097280463986803,-10.73516378263763,423.8099884581389,28.277862946122674
920,0.3118653333935238,-10.752145728913618,421.59001772545025,28.274145671369304
921,0.3132254392902316,-10.760829716898147,420.4800323595357,28.263173263370398
922,0.3141969270490584,-10.76951368486173,419.3600372276776,28.24642537966656
923,0.3153627228950508,-10.778004630473742,418.24004209635183,28.22431068189528
924,0.31730569364999217,-10.79614452568573,415.93999323736426,28.164654113228238
925,0.3182771794973147,-10.804828464139705,414.8099883382362,28.129741668192885
926,0.3192486650819683,-10.813319380425723,413.6800444762774,28.091946993716963
927,0.3206087669380537,-10.82238935094335,412.5500395781495,28.052093298858626
928,0.32274604425520986,-10.8401432441647,410.29002978263105,27.969833516674772
929,0.32391183614518615,-10.84902016888125,409.1500151171942,27.929268661771886
930,0.3248833191717179,-10.857704071402479,408.01000045534727,27.89035057717186
931,0.32624341833392195,-10.866774008723924,406.8699857917389,27.853994226299875
932,0.32857499795856576,-10.88472082039365,404.5699979677127,27.792292412037977
933,0.3301294031972294,-10.893597711985915,403.4200345729957,27.76840670637969
934,0.33148949993069843,-10.902281581411367,402.2700101444532,27.74993883853349
935,0.3330439035428557,-10.91135146811598,401.11003698462116,27.737300450810075
936,0.33595840127921056,-10.929105194052875,398.7900296289376,27.730460244835676
937,0.33790141857633593,-10.937982034819019,397.6199856676233,27.736267034842307
938,0.33945581892660004,-10.946665836480376,396.4399929776342,27.747912677518645
939,0.3412045270025474,-10.955156633627443,395.27001005148895,27.764960881333213
940,0.34256461833528956,-10.964033447411424,394.0900173608149,27.78684204017341
941,0.3443133240837074,-10.972717222047836,392.9000149052648,27.812820478946332
942,0.346256337436641,-10.981014973789302,391.7200222142754,27.84201283211925
943,0.34781073370485205,-10.989698724618286,390.52000999168735,27.87348169271005
944,0.3495594375718333,-10.998189471121181,389.3300075357366,27.906194702347715
945,0.3526682264864846,-11.014977884112557,386.9200343627687,27.971027493330368
946,0.3542226198607826,-11.023275567918839,385.71001237523484,28.00098769003105
947,0.35558270506904704,-11.03157324851783,384.4999903868777,28.02795381346706
948,0.35713709718606723,-11.040063944308919,383.290029434063,28.05096385752415
949,0.3598572639234438,-11.05665925479464,380.85002696593097,28.08182450551108
950,0.3610230385434475,-11.064956887735542,379.6199854461605,28.08831987357413
951,0.362188812747054,-11.073254517534032,378.39000496376934,28.088205970737263
952,0.3635488937634521,-11.08155214408984,377.16002448113824,28.081178374902297
953,0.3656861320601941,-11.098147369970008,374.68999271175056,28.045854159700276
954,0.36665759668313985,-11.10644496933034,373.45000246317795,28.017754175817057
955,0.3676290610153492,-11.114742565416822,372.2100122145568,27.983104474305243
956,0.3686005249079669,-11.12342619399144,370.97002196535743,27.942393319863633
957,0.3695719884891277,-11.13191680134353,369.73003171590324,27.896247341211083
958,0.37170922029618186,-11.148704953151059,367.23003168506835,27.790793905547854
959,0.3726806820812674,-11.157581568321376,365.98003166970807,27.733392486097017
960,0.3736521434967488,-11.166265162327397,364.73003165409085,27.67425660684182
961,0.37792659686991736,-11.2009994510228,359.70000229593336,27.44344419300392
962,0.3794809752296675,-11.20968299256344,358.4300437854759,27.39272231638363
963,0.3806467402671894,-11.218366548215634,357.1700340022303,27.346768475756637
964,0.38336688074771014,-11.235540596322982,354.6299949100829,27.272219048223118
965,0.38511556259162016,-11.244417123516307,353.35002663319375,27.24470438808878
966,0.3866699374104834,-11.253100629769916,352.06999732069494,27.22406546312449
967,0.3880300050010304,-11.261398098112002,350.79002904444945,27.2103308528931
968,0.3915273630099649,-11.2787650576678,348.21001192379896,27.202465421227753
969,0.3932760402920178,-11.287062480094583,346.910024116469,27.207269008154828
970,0.3946361048491627,-11.29535991688451,345.6199850373131,27.216866317591432
971,0.3963847802355555,-11.303657314666243,344.30998746369875,27.230251369117013
972,0.3998821293521273,-11.320059100853387,341.70000208314656,27.263755967978394
973,0.4012421896666195,-11.32835647054687,340.37999474270873,27.281417154144744
974,0.40299086155603864,-11.336460819826886,339.059987405265,27.29797430518011
975,0.40726534238135864,-11.360773829611228,335.09001665941884,27.32870358348329
976,0.40843109311031717,-11.368878147459219,333.7599995534889,27.32901030638058
977,0.4095968428064652,-11.376982444008899,332.4200337187819,27.322821983420177
978,0.4109568977608809,-11.38470070371691,331.0800068487431,27.309537984809026
979,0.41309408869516206,-11.400909279769612,328.40001414370835,27.260072203557307
980,0.41406553053548495,-11.409206579083568,327.05998727363334,27.223608852983446
981,0.41503697140689016,-11.417310840509275,325.7100116727287,27.179498621185285
982,0.4187284245538112,-11.450113866050321,320.3000384693264,26.937545075006383
983,0.4196998633403963,-11.458604142570488,318.9500018320139,26.864957672343618
984,0.4206713011523235,-11.467094397399437,317.5900164659228,26.789789710207494
985,0.42241987014719085,-11.484074896097663,314.86998469640383,26.636889790115532
986,0.4237799173773511,-11.492372123919083,313.50999932940834,26.561857939843176
987,0.4249456579707909,-11.500862346064,312.1400041975764,26.489555584979215
988,0.43038583561857374,-11.535209211536657,306.6500138989967,26.2501412416775
989,0.43174587796271596,-11.543699396971911,305.27000900226597,26.206878615457107
990,0.4333002248734767,-11.551996562929414,303.89000410407374,26.171127463667588
991,0.43504887536397296,-11.560293707023982,302.4999894393613,26.14287210998672
992,0.43640891516921076,-11.56859084754359,301.11003581165374,26.12181556476383
993,0.4383518684570673,-11.576887966045001,299.7100113822098,26.107412548072393
994,0.4399062111381449,-11.584992065213983,298.3099869540252,26.09885265523658
995,0.446512182394481,-11.617022340462507,292.68004304598827,26.100068509170818
996,0.4480665201322588,-11.624933369608472,291.25999908681166,26.102372199205327
997,0.44942655267078885,-11.632844395343422,289.8400161615793,26.10255599173258
998,0.45214661514954685,-11.648473402449204,286.9900405455062,26.09108600104018
999,0.453312340575175,-11.656191383766073,285.5599868222038,26.076985569694
1000,0.4546723700502213,-11.663909361746732,284.12999413130535,26.05598896319881
1001,0.4585580445083721,-11.695360209928307,278.36998430733746,25.891653120057924
1002,0.4595294620677151,-11.70346418188894,276.9300428865207,25.829889240409127
1003,0.4603065743115012,-11.711375116600806,275.48003066406346,25.76048810990627
1004,0.4620551024636579,-11.72758302341536,272.59001598702525,25.602229416148138
1005,0.4630265176499358,-11.735879976824835,271.14000376348014,25.515541833998956
1006,0.46380362764468824,-11.743983893239216,269.68004281130266,25.42553297335127
1007,0.4647750419164487,-11.75228083908709,268.2300305885669,25.33365034969006
1008,0.46691217236927146,-11.768874700776633,265.31999637734367,25.150427561920036
1009,0.468077888292536,-11.777171616730744,263.8600354253455,25.062158004858848
1010,0.4690492992540019,-11.785468510135205,262.39000367096105,24.978018876850026
1011,0.4706036217669881,-11.793765418399664,260.93004271815005,24.89929287237059
1012,0.47332365571289575,-11.810359186051494,257.9900402460266,24.76208610643537
1013,0.4746836717257883,-11.818656064049454,256.5200084925409,24.70497616837424
1014,0.4764322935497708,-11.826759905306428,255.04002800844896,24.65588056393345
1015,0.4814838498261209,-11.85087837331148,250.590015755089,24.55440518054223
1016,0.4828438608872199,-11.858596152427674,249.10002550677564,24.533475920663403
1017,0.48478678053107976,-11.86669993735105,247.60002549146193,24.517108443691058
1018,0.4863410927878658,-11.874417690327466,246.1000254764737,24.50387900056993
1019,0.48944971413750205,-11.889660152604865,243.09001568180267,24.480498197414757
1020,0.490809720239459,-11.89718486194091,241.58000590156675,24.46706968439186
1021,0.49216972566436223,-11.904902581543013,240.06999612142272,24.450325376782885
1022,0.49683252631489,-11.935194306992093,233.99004000953315,24.323488289233595
1023,0.4978039212583027,-11.942911970563642,232.46001069840526,24.272020685623765
1024,0.49877531678156567,-11.95043663570571,230.9399911523091,24.211658070676716
1025,0.5003294992658562,-11.965871944450232,227.87999356518333,24.064720885132278
1026,0.5011065891653719,-11.973589574367056,226.34001552268072,23.97914626006502
1027,0.501689376831038,-11.981693246157853,224.8099862104996,23.88664105044615
1028,0.5051863369924412,-12.013528797952189,218.66002277118923,23.47347207109484
1029,0.5063520293933815,-12.021632431282272,217.1199836931965,23.3673429278785
1030,0.5075177211717928,-12.029736060806231,215.5800056507019,23.263473115184286
1031,0.5098491014971905,-12.046136282929359,212.48003003424685,23.068750423336468
1032,0.5114033951944246,-12.054239881506831,210.93004222547606,22.980565063509786
1033,0.5127633860158095,-12.062343476014469,209.379993381478,22.89989755170351
1034,0.5191748483984904,-12.093985668241965,203.129993319953,22.65986324487437
1035,0.5209234378499739,-12.101510166806447,201.55998598122451,22.619194568722747
1036,0.5224777238531335,-12.109420667928417,199.98002991067565,22.584516937987527
1037,0.5240320089523655,-12.116752127187867,198.40001280682816,22.5544601735876
1038,0.525780595032914,-12.124469607871445,196.8199957027653,22.527432183404446
1039,0.5273348786215603,-12.13180105984299,195.24003963340573,22.501677028489265
1040,0.5285005572173012,-12.13932550129027,193.65001276324713,22.475421938413568
1041,0.5335518662694596,-12.168651122883553,187.2599980586698,22.331455466877696
1042,0.5345232396045566,-12.176175526504563,185.66002245801405,22.27861757213002
1043,0.535494612452501,-12.183506914038217,184.0599858225156,22.217071638395772
1044,0.5368544510690063,-12.198362651751397,180.84001509162036,22.06644404702027
1045,0.5378258226548034,-12.205694028203705,179.24003949151265,21.977571898317763
1046,0.5386028907597067,-12.21360439816611,177.6199833233624,21.88035168116459
1047,0.5419054630359659,-12.244473848960705,171.1700320927439,21.430736832055235
1048,0.5424882281719452,-12.25257721074547,169.5500369586002,21.310877082898386
1049,0.5438481974768448,-12.260487575985756,167.93999055670662,21.191622375950203
1050,0.5461795298707701,-12.276115224871162,164.68999052611193,20.962110752385513
1051,0.5471508949411883,-12.284218570306113,163.06999539262418,20.855106527150582
1052,0.5487051606293727,-12.292128880689113,161.4399904950269,20.755060083221654
1053,0.5500651249124922,-12.300039186963854,159.80998559783635,20.662946835364906
1054,0.5533679522110804,-12.315473745391147,156.54002706994817,20.50444556135738
1055,0.5551165144333973,-12.32299799756067,154.90001240695912,20.438027016913512
1056,0.5564764739318164,-12.330715237561984,153.24998797789175,20.37945462466144
1057,0.5582250335354965,-12.338239462492625,151.60002458505716,20.327712854910462
1058,0.5615278497515792,-12.352901878304529,148.30003676287612,20.23912615616251
1059,0.5628878052887113,-12.360040049879544,146.64000256878717,20.19889944812071
1060,0.5644420603872814,-12.367178217843051,144.98002940969195,20.158882935390046
1061,0.5681333186605367,-12.38859265997923,139.98002936842758,20.021499965662002
1062,0.5691046689930158,-12.395730773771911,138.30003667727865,19.96437383931413
1063,0.5700760196234579,-12.40286890325454,136.62999271947464,19.89935747694828
1064,0.5710473689467112,-12.409813998808005,134.9500000280713,19.82554811103696
1065,0.5722128677517984,-12.424669251345303,131.60002441398595,19.65006845425279
1066,0.5731842156363369,-12.432000356657595,129.92003172451106,19.548552184121828
1067,0.573961263517095,-12.439138447586197,128.2400390335192,19.438613485187027
1068,0.5759038043308063,-12.462096760384922,123.18999015953955,19.06965778821961
1069,0.5768751491932962,-12.469620836568158,121.49998770462511,18.93884797394291
1070,0.5778464934259077,-12.477530929156181,119.8099852480182,18.807194736689812
1071,0.5788178372100523,-12.485054997225983,118.11998279110263,18.676634845423283
1072,0.5813434210426741,-12.500875161613319,114.74003891334183,18.426244459145707
1073,0.5825090613865412,-12.508399197671487,113.0400266904097,18.309695318985707
1074,0.5840632994759549,-12.516116239636718,111.34001446828582,18.200580377801263
1075,0.5904745407444116,-12.546019277805375,104.5200070838125,17.84874686053263
1076,0.5918344737985195,-12.553157230657147,102.8000363665448,17.78068711617227
1077,0.5935830039097653,-12.560488189168538,101.08000461261923,17.71865122368619
1078,0.5964971650837066,-12.574764075292862,97.64000214249862,17.606009136118242
1079,0.5980513929059331,-12.58170898325798,95.91002166084682,17.551674560803402
1080,0.5992170225223054,-12.588653887399772,94.18004117746804,17.496019859230916
1081,0.6034909351804246,-12.61624039692091,87.23002891671385,17.225013242145963
1082,0.6042679641296502,-12.623185262195097,85.49003866611821,17.138320807305192
1083,0.6048506933352582,-12.63032311277676,83.74003865276708,17.042504142166102
1084,0.6056277213894321,-12.63746097929851,81.99998736845347,16.937460973264702
1085,0.606404748099344,-12.644405813004987,80.24998735521251,16.82349137569156
1086,0.6067931791268422,-12.651929689711313,78.50999710590037,16.701332688697406
1087,0.607570205048277,-12.659260533395589,76.75999709182284,16.572074024249137
1088,0.6110669004318592,-12.68896988501256,69.75999703108359,16.015451825605314
1089,0.6120382210778842,-12.696686705513978,67.99998725009294,15.87576903237339
1090,0.6132038398869286,-12.704210533257521,66.24998723450268,15.739667192032176
1091,0.6145637549869271,-12.711927345397282,64.49003848770758,15.60878977274717
1092,0.6159236691455663,-12.719258136169667,62.73002870784491,15.484530212926664
1093,0.6172835826645819,-12.726588922882618,60.97001892790943,15.367927755074998
1094,0.6186434943668032,-12.734112693746544,59.19999938179988,15.259577180606199
1095,0.6252489161388541,-12.762663629969174,52.100023737247305,14.904952357805241
1096,0.6268031201255618,-12.76960833577999,50.31999442639933,14.831317354271052
1097,0.6281630250791571,-12.776360009609334,48.53001638352353,14.760625800457031
1098,0.6308828325058247,-12.789863345634927,44.94999926756041,14.62051009137969
1099,0.6318541399216293,-12.796614987767784,43.150011460484315,14.547239406323897
1100,0.6332140419739448,-12.802980630691161,41.36003341991654,14.469420860164652
1101,0.6341853481409394,-12.809732265120136,39.559984579930244,14.385550929613341
1102,0.6355450682825883,-12.82342853043387,35.96000896550722,14.195167619811219
1103,0.6363220752094709,-12.830373140792636,34.15001139266071,14.087352179544826
1104,0.636904785925516,-12.837317767447708,32.35002358567733,13.97091012370661
1105,0.6372931986115508,-12.844069362400353,30.540026013011982,13.846207364177353
1106,0.6388472107122957,-12.858537597863572,26.930040630570065,13.575370875508666
1107,0.6392356225288683,-12.86586820280434,25.11998202337387,13.431746157970293
1108,0.6400126269809948,-12.873198803672397,23.309984449404375,13.284786224466865
1109,0.6429265269972269,-12.895190581115317,17.879991728803123,12.842067501272684
1110,0.6444807136222724,-12.902521144847826,16.059984390292556,12.699871900199776
1111,0.6456463071222721,-12.910044711456678,14.240038085005397,12.562962509832794
1112,0.647200492140771,-12.917182259768662,12.420030745311248,12.432473456433067
1113,0.6501145624183067,-12.931650330476732,8.77000630211349,12.193327814794376
1114,0.6518630407703278,-12.938594859621015,6.9499989632475,12.084862533516153
1115,0.6532229242679655,-12.945539344030204,5.1100331279327635,11.98318389302465
1116,0.6594396331962622,-12.972352208388772,-2.2500133138214635,11.620831619025692
1117,0.6606052158049119,-12.978717633066152,-4.099988913409577,11.533375161881237
1118,0.6615765022043495,-12.985276060406195,-5.949964512269739,11.443736499547434
1119,0.663519073321434,-12.99819989720071,-9.649976746771067,11.251859645287546
1120,0.6642960614899592,-13.004565286357662,-11.509962109527468,11.147203989109551
1121,0.665267344601816,-13.011316683932627,-13.37000851034594,11.035647411712754
1122,0.6675981114347702,-13.038515261526417,-20.800001242886044,10.519303930672807
1123,0.6679865058121828,-13.045459624610919,-22.66999637516962,10.375526445817087
1124,0.6687634912091154,-13.052597010069547,-24.529981741772986,10.228070516023289
1125,0.6703174594412391,-13.06687174767866,-28.259962239523134,9.928101542039409
1126,0.6712887382118756,-13.074202126001746,-30.120008639777872,9.778665382793141
1127,0.6724543102555337,-13.081532479539115,-31.99000377335035,9.63155179759406
1128,0.6778937676508655,-13.10988878206695,-39.49000383397181,9.086790067170774
1129,0.6792536293724714,-13.116833082839783,-41.37000872945978,8.96384201039368
1130,0.6810020793307486,-13.123584374290505,-43.25001362755713,8.845795045805906
1131,0.6827505271681273,-13.129949630736453,-45.139967254652824,8.731871225085083
1132,0.6843046796770009,-13.136893898622906,-47.0299819173616,8.621034069211799
1133,0.6856645368932737,-13.143066142094057,-48.919996577788105,8.512081319701283
1134,0.687024393305226,-13.149624391900737,-50.81001124002348,8.403669742870527
1135,0.6912980414989528,-13.174699219516782,-58.41999664436861,7.9507006522347545
1136,0.692075010299603,-13.181257408539489,-60.32996980331377,7.828155602946521
1137,0.6930462734933989,-13.187429604952033,-62.229994229810885,7.701044640220118
1138,0.6940173272937975,-13.200352958785867,-66.05000158219282,7.43394210624524
1139,0.6946000005614205,-13.207297141126293,-67.95997473953554,7.295125289487613
1140,0.6949883787739216,-13.214048293843224,-69.8800186998347,7.154016991719804
1141,0.6977076530729284,-13.241438935339975,-77.52998213542445,6.588814317716776
1142,0.6986789109811922,-13.248576096774823,-79.43998581482295,6.4524541603532635
1143,0.6996501670681459,-13.25552022888442,-81.35999925497103,6.319419524344222
1144,0.7023698504708988,-13.269601484498239,-85.19999562419487,6.063423634105078
1145,0.7037296898119273,-13.276545583015643,-87.12998831417883,5.939570906373109
1146,0.7052838224093656,-13.283489698195849,-89.05000175525721,5.817315168596454
1147,0.7068379530752092,-13.290240784492928,-90.97999444629419,5.695437727219212
1148,0.7097519176089563,-13.303356916305987,-94.8499895922393,5.447372578999141
1149,0.7115003370439728,-13.309528958485135,-96.78999204608434,5.318392420587322
1150,0.7126658772985879,-13.315894000398325,-98.72999450022603,5.184531077525065
1151,0.7142200022952782,-13.322259038449452,-100.66999695520045,5.04496520516926
1152,0.7163567839961089,-13.334217047278734,-104.56999087738666,4.7476229822552805
1153,0.7177166128283836,-13.340582052741617,-106.52000309888803,4.590605042155654
1154,0.7182992707560034,-13.346561047854957,-108.46998480075746,4.429477846096614
1155,0.7202415326828018,-13.365269981107835,-114.33997995804806,3.9428843034950716
1156,0.7208241880577988,-13.371634946082583,-116.30000194358446,3.789244452227834
1157,0.7214068442714539,-13.378192931271021,-118.24998364746723,3.6454292979567406
1158,0.7217952067738638,-13.384557888353541,-120.20997511586451,3.5146503806576725
1159,0.7227662231531827,-13.398252804545434,-124.12998857173383,3.3021604762642647
1160,0.7237374607379771,-13.405003754967698,-126.08998004192392,3.222796795353954
1161,0.7245144058246337,-13.411561698477334,-128.05000202679744,3.1606044651992455
1162,0.7291765111476296,-13.43914438543738,-135.91999720413585,3.016140709028266
1163,0.7303420354021851,-13.445702287029105,-137.88999844005312,2.980932211754413
1164,0.7320904334443921,-13.452453186832079,-139.85999967405235,2.935005728083312
1165,0.7350043498632471,-13.465375924844793,-143.81999115669402,2.791396731608789
1166,0.7367527437173181,-13.471354782455474,-145.80000215731926,2.6857567462363283
1167,0.737918262805088,-13.477719640477067,-147.77998263883882,2.553644596839136
1168,0.7429689074506745,-13.501441909837187,-155.74998391063735,1.7368857131025361
1169,0.7437458384287973,-13.507420702277411,-157.74998392411507,1.4621505657404332
1170,0.7443284790260605,-13.51339951222989,-159.74000468783672,1.1625706077496278
1171,0.7451054090738217,-13.519378297147668,-161.74000470143778,0.8411613755184811
1172,0.745688047834199,-13.525357078272354,-163.74000471416872,0.5018297504492718
