,timeUS,lat,lon,alt
0,9142543,-35.3632649,149.1652374,584.8499755859375
1,9162543,-35.3632649,149.1652374,584.8499755859375
2,9182543,-35.3632649,149.1652374,584.8499755859375
3,9202543,-35.3632649,149.1652374,584.8499755859375
4,9222543,0.0,0.0,0.0
6,9242543,-35.3632649,149.1652374,584.8499755859375
7,9262543,-35.3632649,149.1652374,584.8499755859375
8,9282543,-35.3632649,149.1652374,584.8499755859375
9,9302543,-35.3632649,149.1652374,584.8499755859375
10,9322543,0.0,0.0,0.0
12,9342543,-35.3632649,149.1652374,584.8499755859375
13,9362543,-35.3632649,149.1652374,584.8499755859375
14,9382543,-35.3632649,149.1652374,584.8499755859375
15,9402543,-35.3632649,149.1652374,584.8499755859375
16,9422543,0.0,0.0,0.0
18,9442543,-35.3632649,149.1652374,584.8499755859375
19,9462543,-35.3632649,149.1652374,584.8499755859375
20,9482543,-35.3632649,149.1652374,584.8499755859375
21,9502543,-35.3632649,149.1652374,584.8499755859375
22,9522543,0.0,0.0,0.0
24,9542543,-35.3632649,149.1652374,584.8499755859375
25,9562543,-35.3632649,149.1652374,584.8499755859375
26,9582543,-35.3632649,149.1652374,584.8499755859375
27,9602543,-35.3632649,149.1652374,584.8499755859375
29,9622543,-35.3632649,149.1652374,584.8499755859375
30,9642543,-35.3632649,149.1652374,584.8499755859375
31,9662543,-35.3632649,149.1652374,584.8499755859375
32,9682543,-35.3632649,149.1652374,584.8499755859375
33,9702543,-35.3632649,149.1652374,584.8499755859375
34,9722543,0.0,0.0,0.0
36,9742543,-35.3632649,149.1652374,584.8499755859375
37,9762543,-35.3632649,149.1652374,584.8499755859375
38,9782543,-35.3632649,149.1652374,584.8499755859375
39,9802543,-35.3632649,149.1652374,584.8499755859375
40,9822543,0.0,0.0,0.0
42,9842543,-35.3632649,149.1652374,584.8499755859375
43,9862543,-35.3632649,149.1652374,584.8499755859375
44,9882543,-35.3632649,149.1652374,584.8499755859375
45,9902543,-35.3632649,149.1652374,584.8499755859375
46,9922543,0.0,0.0,0.0
48,9942543,-35.3632649,149.1652374,584.8499755859375
49,9962543,-35.3632649,149.1652374,584.8499755859375
50,9982543,-35.3632649,149.1652374,584.8499755859375
51,10002543,-35.3632649,149.1652374,584.8499755859375
52,10022543,0.0,0.0,0.0
54,10042543,-35.3632649,149.1652374,584.8499755859375
55,10062543,-35.3632649,149.1652374,584.8499755859375
56,10082543,-35.3632649,149.1652374,584.8499755859375
57,10102543,-35.3632649,149.1652374,584.8499755859375
58,10122543,0.0,0.0,0.0
60,10142543,-35.3632649,149.1652374,584.8499755859375
61,10162543,-35.3632649,149.1652374,584.8499755859375
62,10182543,-35.3632649,149.1652374,584.8499755859375
63,10202543,-35.3632649,149.1652374,584.8499755859375
64,10222543,0.0,0.0,0.0
66,10242543,-35.3632649,149.1652374,584.8499755859375
67,10262543,-35.3632649,149.1652374,584.8499755859375
68,10282543,-35.3632649,149.1652374,584.8499755859375
69,10302543,-35.3632649,149.1652374,584.8499755859375
70,10322543,0.0,0.0,0.0
72,10342543,-35.3632649,149.1652374,584.8499755859375
73,10362543,-35.3632649,149.1652374,584.8499755859375
74,10382543,-35.3632649,149.1652374,584.8499755859375
75,10402543,-35.3632649,149.1652374,584.8499755859375
76,10422543,0.0,0.0,0.0
78,10442543,-35.3632649,149.1652374,584.8499755859375
79,10462543,-35.3632649,149.1652374,584.8499755859375
80,10482543,-35.3632649,149.1652374,584.8499755859375
81,10502543,-35.3632649,149.1652374,584.8499755859375
82,10522543,0.0,0.0,0.0
84,10542543,-35.3632649,149.1652374,584.8499755859375
85,10562543,-35.3632649,149.1652374,584.8499755859375
86,10582543,-35.3632649,149.1652374,584.8499755859375
87,10602543,-35.3632649,149.1652374,584.8499755859375
88,10622543,0.0,0.0,0.0
90,10642543,-35.3632649,149.1652374,584.8499755859375
91,10662543,-35.3632649,149.1652374,584.8499755859375
92,10682543,-35.3632649,149.1652374,584.8499755859375
93,10702543,-35.3632649,149.1652374,584.8499755859375
94,10722543,0.0,0.0,0.0
96,10742543,-35.3632649,149.1652374,584.8499755859375
97,10762543,-35.3632649,149.1652374,584.8499755859375
98,10782543,-35.3632649,149.1652374,584.8499755859375
99,10802543,-35.3632649,149.1652374,584.8499755859375
100,10822543,0.0,0.0,0.0
102,10842543,-35.3632649,149.1652374,584.8499755859375
103,10862543,-35.3632649,149.1652374,584.8499755859375
104,10882543,-35.3632649,149.1652374,584.8499755859375
105,10902543,-35.3632649,149.1652374,584.8499755859375
107,10922543,-35.3632649,149.1652374,584.8499755859375
108,10942543,-35.3632649,149.1652374,584.8499755859375
109,10962543,-35.3632649,149.1652374,584.8499755859375
110,10982543,-35.3632649,149.1652374,584.8499755859375
111,11002543,-35.3632649,149.1652374,584.8499755859375
112,11022543,0.0,0.0,0.0
114,11042543,-35.3632649,149.1652374,584.8499755859375
115,11062543,-35.3632649,149.1652374,584.8499755859375
116,11082543,-35.3632649,149.1652374,584.8499755859375
117,11102543,-35.3632649,149.1652374,584.8499755859375
118,11122543,0.0,0.0,0.0
120,11142543,-35.3632649,149.1652374,584.8499755859375
121,11162543,-35.3632649,149.1652374,584.8499755859375
122,11182543,-35.3632649,149.1652374,584.8499755859375
123,11202543,-35.3632649,149.1652374,584.8499755859375
124,11222543,0.0,0.0,0.0
126,11242543,-35.3632649,149.1652374,584.8499755859375
127,11262543,-35.3632649,149.1652374,584.8499755859375
128,11282543,-35.3632649,149.1652374,584.8499755859375
129,11302543,-35.3632649,149.1652374,584.8499755859375
130,11322543,0.0,0.0,0.0
132,11342543,-35.3632649,149.1652374,584.8499755859375
133,11362543,-35.3632649,149.1652374,584.8499755859375
134,11382543,-35.3632649,149.1652374,584.8499755859375
135,11402543,-35.3632649,149.1652374,584.8499755859375
137,11422543,-35.3632649,149.1652374,584.8499755859375
138,11442543,-35.3632649,149.1652374,584.8499755859375
139,11462543,-35.3632649,149.1652374,584.8499755859375
140,11482543,-35.3632649,149.1652374,584.8499755859375
141,11502543,-35.3632649,149.1652374,584.8499755859375
142,11522543,0.0,0.0,0.0
144,11542543,-35.3632649,149.1652374,584.8499755859375
145,11562543,-35.3632649,149.1652374,584.8499755859375
146,11582543,-35.3632649,149.1652374,584.8499755859375
147,11602543,-35.3632649,149.1652374,584.8499755859375
148,11622543,0.0,0.0,0.0
150,11642543,-35.3632649,149.1652374,584.8499755859375
151,11662543,-35.3632649,149.1652374,584.8499755859375
152,11682543,-35.3632649,149.1652374,584.8499755859375
153,11702543,-35.3632649,149.1652374,584.8499755859375
154,11722543,0.0,0.0,0.0
156,11742543,-35.3632649,149.1652374,584.8499755859375
157,11762543,-35.3632649,149.1652374,584.8499755859375
158,11782543,-35.3632649,149.1652374,584.8499755859375
159,11802543,-35.3632649,149.1652374,584.8499755859375
160,11822543,0.0,0.0,0.0
162,11842543,-35.3632649,149.1652374,584.8499755859375
163,11862543,-35.3632649,149.1652374,584.8499755859375
164,11882543,-35.3632649,149.1652374,584.8499755859375
165,11902543,-35.3632649,149.1652374,584.8499755859375
167,11922543,-35.3632649,149.1652374,584.8499755859375
168,11942543,-35.3632649,149.1652374,584.8499755859375
169,11962543,-35.3632649,149.1652374,584.8499755859375
170,11982543,-35.3632649,149.1652374,584.8499755859375
171,12002543,-35.3632649,149.1652374,584.8499755859375
172,12022543,0.0,0.0,0.0
174,12042543,-35.3632649,149.1652374,584.8499755859375
175,12062543,-35.3632649,149.1652374,584.8499755859375
176,12082543,-35.3632649,149.1652374,584.8499755859375
177,12102543,-35.3632649,149.1652374,584.8499755859375
178,12122543,0.0,0.0,0.0
180,12142543,-35.3632649,149.1652374,584.8499755859375
181,12162543,-35.3632649,149.1652374,584.8499755859375
182,12182543,-35.3632649,149.1652374,584.8499755859375
183,12202543,-35.3632649,149.1652374,584.8499755859375
184,12222543,0.0,0.0,0.0
186,12242543,-35.3632649,149.1652374,584.8499755859375
187,12262543,-35.3632649,149.1652374,584.8499755859375
188,12282543,-35.3632649,149.1652374,584.8499755859375
189,12302543,-35.3632649,149.1652374,584.8499755859375
190,12322543,0.0,0.0,0.0
192,12342543,-35.3632649,149.1652374,584.8499755859375
193,12362543,-35.3632649,149.1652374,584.8499755859375
194,12382543,-35.3632649,149.1652374,584.8499755859375
195,12402543,-35.3632649,149.1652374,584.8499755859375
196,12422543,0.0,0.0,0.0
198,12442543,-35.3632649,149.1652374,584.8499755859375
199,12462543,-35.3632649,149.1652374,584.8499755859375
200,12482543,-35.3632649,149.1652374,584.8499755859375
201,12502543,-35.3632649,149.1652374,584.8499755859375
202,12522543,0.0,0.0,0.0
204,12542543,-35.3632649,149.1652374,584.8499755859375
205,12562543,-35.3632649,149.1652374,584.8499755859375
206,12582543,-35.3632649,149.1652374,584.8499755859375
207,12602543,-35.3632649,149.1652374,584.8499755859375
208,12622543,0.0,0.0,0.0
210,12642543,-35.3632649,149.1652374,584.8499755859375
211,12662543,-35.3632649,149.1652374,584.8499755859375
212,12682543,-35.3632649,149.1652374,584.8499755859375
213,12702543,-35.3632649,149.1652374,584.8499755859375
215,12722543,-35.3632649,149.1652374,584.8499755859375
216,12742543,-35.3632649,149.1652374,584.8499755859375
217,12762543,-35.3632649,149.1652374,584.8499755859375
218,12782543,-35.3632649,149.1652374,584.8499755859375
219,12802543,-35.3632649,149.1652374,584.8499755859375
220,12822543,0.0,0.0,0.0
222,12842543,-35.3632649,149.1652374,584.8499755859375
223,12862543,-35.3632649,149.1652374,584.8499755859375
224,12882543,-35.3632649,149.1652374,584.8499755859375
225,12902543,-35.3632649,149.1652374,584.8499755859375
226,12922543,0.0,0.0,0.0
228,12942543,-35.3632649,149.1652374,584.8499755859375
229,12962543,-35.3632649,149.1652374,584.8499755859375
230,12982543,-35.3632649,149.1652374,584.8499755859375
231,13002543,-35.3632649,149.1652374,584.8499755859375
232,13022543,0.0,0.0,0.0
234,13042543,-35.3632649,149.1652374,584.8499755859375
235,13062543,-35.3632649,149.1652374,584.8499755859375
236,13082543,-35.3632649,149.1652374,584.8499755859375
237,13102543,-35.3632649,149.1652374,584.8499755859375
238,13122543,0.0,0.0,0.0
240,13142543,-35.3632649,149.1652374,584.8499755859375
241,13162543,-35.3632649,149.1652374,584.8499755859375
242,13182543,-35.3632649,149.1652374,584.8499755859375
243,13202543,-35.3632649,149.1652374,584.8499755859375
245,13222543,-35.3632649,149.1652374,584.8499755859375
246,13242543,-35.3632649,149.1652374,584.8499755859375
247,13262543,-35.3632649,149.1652374,584.8499755859375
248,13282543,-35.3632649,149.1652374,584.8499755859375
249,13302543,-35.3632649,149.1652374,584.8499755859375
250,13322543,0.0,0.0,0.0
252,13342543,-35.3632649,149.1652374,584.8499755859375
253,13362543,-35.3632649,149.1652374,584.8499755859375
254,13382543,-35.3632649,149.1652374,584.8499755859375
255,13402543,-35.3632649,149.1652374,584.8499755859375
256,13422543,0.0,0.0,0.0
258,13442543,-35.3632649,149.1652374,584.8599853515625
259,13462543,-35.3632649,149.1652374,584.8599853515625
260,13482543,-35.3632649,149.1652374,584.8599853515625
261,13502543,-35.3632649,149.1652374,584.8699951171875
262,13522543,0.0,0.0,0.0
264,13542543,-35.363265,149.1652374,584.9099731445312
265,13562543,-35.3632652,149.1652374,584.9400024414062
266,13582543,-35.3632653,149.1652374,584.989990234375
267,13602543,-35.3632655,149.1652374,585.0499877929688
268,13622543,0.0,0.0,0.0
270,13642543,-35.3632659,149.1652374,585.2100219726562
271,13662543,-35.3632664,149.1652374,585.3200073242188
272,13682543,-35.3632668,149.1652374,585.4400024414062
273,13702543,-35.3632672,149.1652374,585.5900268554688
275,13722543,-35.3632678,149.1652374,585.760009765625
276,13742543,-35.3632686,149.1652374,585.9500122070312
277,13762543,-35.3632694,149.1652374,586.1699829101562
278,13782543,-35.3632702,149.1652374,586.4099731445312
279,13802543,-35.3632712,149.1652374,586.6699829101562
280,13822543,0.0,0.0,0.0
282,13842543,-35.3632735,149.1652374,587.27001953125
283,13862543,-35.3632747,149.1652374,587.6099853515625
284,13882543,-35.3632761,149.1652374,587.969970703125
285,13902543,-35.3632775,149.1652374,588.3599853515625
286,13922543,0.0,0.0,0.0
288,13942543,-35.3632808,149.1652374,589.2100219726562
289,13962543,-35.3632826,149.1652374,589.6699829101562
290,13982543,-35.3632845,149.1652374,590.1599731445312
291,14002543,-35.3632865,149.1652374,590.6699829101562
292,14022543,0.0,0.0,0.0
294,14042543,-35.3632908,149.1652374,591.77001953125
295,14062543,-35.3632932,149.1652373,592.3599853515625
296,14082543,-35.3632957,149.1652373,592.97998046875
297,14102543,-35.3632982,149.1652373,593.6199951171875
298,14122543,0.0,0.0,0.0
300,14142543,-35.3633038,149.1652373,594.989990234375
301,14162543,-35.3633066,149.1652373,595.7100219726562
302,14182543,-35.3633097,149.1652373,596.4600219726562
303,14202543,-35.3633128,149.1652372,597.22998046875
304,14222543,0.0,0.0,0.0
306,14242543,-35.3633195,149.1652372,598.8599853515625
307,14262543,-35.3633231,149.1652372,599.7100219726562
308,14282543,-35.3633267,149.1652372,600.5900268554688
309,14302543,-35.3633306,149.165237,601.5
310,14322543,0.0,0.0,0.0
312,14342543,-35.3633385,149.165237,603.3900146484375
313,14362543,-35.3633426,149.165237,604.3699951171875
314,14382543,-35.3633468,149.165237,605.3800048828125
315,14402543,-35.3633513,149.165237,606.4099731445312
316,14422543,0.0,0.0,0.0
318,14442543,-35.3633604,149.165237,608.5599975585938
319,14462543,-35.3633651,149.1652369,609.6699829101562
320,14482543,-35.3633699,149.1652369,610.8099975585938
321,14502543,-35.363375,149.1652369,611.969970703125
322,14522543,0.0,0.0,0.0
324,14542543,-35.3633853,149.1652368,614.3699951171875
325,14562543,-35.3633905,149.1652368,615.6099853515625
326,14582543,-35.363396,149.1652366,616.8699951171875
327,14602543,-35.3634015,149.1652366,618.1500244140625
328,14622543,0.0,0.0,0.0
330,14642543,-35.363413,149.1652365,620.7999877929688
331,14662543,-35.363419,149.1652365,622.1599731445312
332,14682543,-35.363425,149.1652365,623.5399780273438
333,14702543,-35.3634311,149.1652365,624.9400024414062
334,14722543,0.0,0.0,0.0
336,14742543,-35.3634437,149.1652364,627.8200073242188
337,14762543,-35.3634501,149.1652364,629.2999877929688
338,14782543,-35.3634567,149.1652363,630.7999877929688
339,14802543,-35.3634633,149.1652363,632.3200073242188
340,14822543,0.0,0.0,0.0
342,14842543,-35.3634769,149.1652361,635.4199829101562
343,14862543,-35.363484,149.165236,637.010009765625
344,14882543,-35.3634911,149.165236,638.6199951171875
345,14902543,-35.3634982,149.165236,640.25
346,14922543,0.0,0.0,0.0
348,14942543,-35.3635128,149.1652359,643.5700073242188
349,14962543,-35.3635204,149.1652358,645.260009765625
350,14982543,-35.3635279,149.1652358,646.969970703125
351,15002543,-35.3635357,149.1652356,648.7000122070312
352,15022543,0.0,0.0,0.0
354,15042543,-35.3635513,149.1652356,652.2100219726562
355,15062543,-35.3635592,149.1652355,654.0
356,15082543,-35.3635672,149.1652354,655.7999877929688
357,15102543,-35.3635753,149.1652354,657.6099853515625
358,15122543,0.0,0.0,0.0
360,15142543,-35.3635917,149.1652351,661.2899780273438
361,15162543,-35.3636,149.1652351,663.1400146484375
362,15182543,-35.3636082,149.1652351,665.010009765625
363,15202543,-35.3636167,149.165235,666.8900146484375
364,15222543,0.0,0.0,0.0
366,15242543,-35.3636336,149.1652348,670.6699829101562
367,15262543,-35.3636421,149.1652346,672.5700073242188
368,15282543,-35.3636507,149.1652346,674.47998046875
369,15302543,-35.3636592,149.1652346,676.3800048828125
370,15322543,0.0,0.0,0.0
372,15342543,-35.3636763,149.1652344,680.2000122070312
373,15362543,-35.3636849,149.1652342,682.1099853515625
374,15382543,-35.3636934,149.1652341,684.02001953125
375,15402543,-35.3637021,149.1652341,685.9299926757812
376,15422543,0.0,0.0,0.0
378,15442543,-35.3637193,149.165234,689.75
379,15462543,-35.3637279,149.1652339,691.6500244140625
380,15482543,-35.3637365,149.1652337,693.5499877929688
381,15502543,-35.363745,149.1652336,695.4400024414062
383,15522543,-35.3637535,149.1652336,697.3400268554688
384,15542543,-35.363762,149.1652335,699.219970703125
385,15562543,-35.3637706,149.1652334,701.1099853515625
386,15582543,-35.3637791,149.1652332,702.989990234375
387,15602543,-35.3637876,149.1652332,704.8699951171875
388,15622543,0.0,0.0,0.0
390,15642543,-35.3638046,149.165233,708.6099853515625
391,15662543,-35.3638131,149.1652329,710.469970703125
392,15682543,-35.3638216,149.1652327,712.3400268554688
393,15702543,-35.3638301,149.1652327,714.1900024414062
394,15722543,0.0,0.0,0.0
396,15742543,-35.3638471,149.1652325,717.9000244140625
397,15762543,-35.3638555,149.1652323,719.75
398,15782543,-35.3638639,149.1652322,721.5900268554688
399,15802543,-35.3638723,149.1652322,723.4299926757812
400,15822543,0.0,0.0,0.0
402,15842543,-35.3638891,149.165232,727.0999755859375
403,15862543,-35.3638975,149.1652318,728.9299926757812
404,15882543,-35.3639059,149.1652317,730.75
405,15902543,-35.3639143,149.1652317,732.5700073242188
406,15922543,0.0,0.0,0.0
408,15942543,-35.363931,149.1652313,736.2000122070312
409,15962543,-35.3639393,149.1652312,738.010009765625
410,15982543,-35.3639477,149.1652312,739.8200073242188
411,16003542,-35.3639564,149.1652311,741.7100219726562
413,16023535,-35.3639646,149.165231,743.510009765625
414,16043528,-35.363973,149.1652308,745.2999877929688
415,16063521,-35.3639813,149.1652308,747.0900268554688
416,16083514,-35.3639895,149.1652307,748.8800048828125
417,16103507,-35.3639979,149.1652305,750.6599731445312
418,16123500,0.0,0.0,0.0
420,16143493,-35.3640143,149.1652303,754.219970703125
421,16163487,-35.3640227,149.1652302,755.989990234375
422,16183480,-35.3640308,149.1652301,757.760009765625
423,16203473,-35.3640392,149.1652299,759.52001953125
424,16223466,0.0,0.0,0.0
426,16243459,-35.3640556,149.1652297,763.0399780273438
427,16263452,-35.3640637,149.1652296,764.7999877929688
428,16283445,-35.364072,149.1652294,766.5399780273438
429,16303438,-35.3640801,149.1652293,768.2899780273438
430,16323432,0.0,0.0,0.0
432,16343425,-35.3640964,149.1652291,771.77001953125
433,16363418,-35.3641047,149.1652289,773.510009765625
434,16383411,-35.3641128,149.1652289,775.239990234375
435,16403404,-35.364121,149.1652287,776.9600219726562
436,16423397,0.0,0.0,0.0
438,16443390,-35.3641372,149.1652284,780.4099731445312
439,16463383,-35.1487961,148.2569567,774.02
441,16483377,-35.3641535,149.1652282,783.8300170898438
442,16503370,-35.3641615,149.1652281,785.5399780273438
444,16523363,-35.3641697,149.1652279,787.25
445,16543356,-35.3641777,149.1652278,788.9500122070312
446,16563349,-35.3641858,149.1652277,790.6500244140625
447,16583342,-35.3641938,149.1652275,792.3400268554688
448,16603335,-35.3642019,149.1652274,794.030029296875
449,16623328,0.0,0.0,0.0
451,16643321,-35.3641699,149.1652279,787.28
453,16663315,-35.364226,149.165227,799.0800170898438
454,16683308,-35.3642341,149.1652269,800.75
455,16703301,-35.3642421,149.1652268,802.4199829101562
456,16723294,0.0,0.0,0.0
458,16743287,-35.3642581,149.1652265,805.75
459,16763280,-35.3642661,149.1652264,807.4099731445312
460,16783273,-35.364274,149.1652262,809.0700073242188
461,16803266,-35.364282,149.165226,810.719970703125
462,16823260,0.0,0.0,0.0
464,16843253,-35.3642504,149.1652266,804.12
466,16863246,-35.3643059,149.1652256,815.6500244140625
467,16883239,-35.3643139,149.1652255,817.2899780273438
468,16903232,-35.3643218,149.1652254,818.9299926757812
469,16923225,0.0,0.0,0.0
471,16943218,-35.3643377,149.165225,822.1799926757812
472,16963211,-35.3643456,149.165225,823.7999877929688
473,16983205,-35.3643535,149.1652248,825.4199829101562
474,17003198,-35.3643614,149.1652246,827.0399780273438
475,17023191,0.0,0.0,0.0
477,17043184,-35.36433,149.1652252,820.58
479,17063177,-35.364385,149.1652243,831.8599853515625
480,17083170,-35.3643929,149.1652241,833.4600219726562
481,17103163,-35.3644007,149.165224,835.0499877929688
482,17123156,0.0,0.0,0.0
484,17143149,-35.3644163,149.1652236,838.239990234375
485,17163143,-35.3644242,149.1652235,839.8200073242188
486,17183136,-35.3644321,149.1652234,841.4000244140625
487,17203129,-35.3644399,149.1652231,842.97998046875
488,17223122,0.0,0.0,0.0
491,17243115,-35.3644555,149.1652229,846.1199951171875
492,17263108,-35.3644633,149.1652227,847.6900024414062
493,17283101,-35.364471,149.1652226,849.25
494,17303094,-35.3644789,149.1652225,850.8099975585938
495,17323088,0.0,0.0,0.0
497,17343081,-35.3644944,149.1652222,853.9199829101562
498,17363074,-35.364502,149.165222,855.4600219726562
499,17383067,-35.3645099,149.1652217,857.010009765625
500,17403060,-35.3645176,149.1652217,858.5499877929688
501,17423053,0.0,0.0,0.0
503,17443046,-35.3644869,149.1652222,852.39
505,17463039,-35.3645408,149.1652212,863.1400146484375
506,17483033,-35.3645485,149.1652211,864.6699829101562
507,17503026,-35.3645561,149.1652208,866.1900024414062
508,17523019,0.0,0.0,0.0
510,17543012,-35.3645716,149.1652206,869.219970703125
511,17563005,-35.3645792,149.1652203,870.72998046875
512,17582998,-35.364587,149.1652202,872.239990234375
513,17602991,-35.3645945,149.1652201,873.739990234375
514,17622984,-35.3646023,149.1652198,875.239990234375
515,17642977,0.0,0.0,0.0
518,17662971,-35.3646175,149.1652196,878.219970703125
519,17682964,-35.3646252,149.1652195,879.7100219726562
520,17702957,-35.3646328,149.1652193,881.2000122070312
521,17722950,-35.3646405,149.1652191,882.6799926757812
522,17742943,0.0,0.0,0.0
524,17762936,-35.3646557,149.1652188,885.6199951171875
525,17782929,-35.3646632,149.1652186,887.0900268554688
526,17802922,-35.3646709,149.1652184,888.5599975585938
527,17822916,-35.3646784,149.1652183,890.02001953125
528,17842909,0.0,0.0,0.0
531,17862902,-35.3646935,149.1652179,892.9299926757812
532,17882895,-35.3647012,149.1652178,894.3800048828125
533,17902888,-35.3647087,149.1652176,895.8300170898438
534,17922881,-35.3647163,149.1652174,897.27001953125
536,17942874,-35.3647239,149.1652173,898.7100219726562
537,17962867,-35.3647313,149.1652171,900.1400146484375
538,17982861,-35.3647389,149.1652169,901.5700073242188
539,18002854,-35.3647464,149.1652168,903.0
540,18022847,-35.364754,149.1652165,904.4299926757812
541,18042840,0.0,0.0,0.0
544,18062833,-35.3647689,149.1652163,907.260009765625
545,18082826,-35.3647765,149.165216,908.6799926757812
546,18102819,-35.364784,149.1652159,910.0800170898438
547,18122812,-35.3647914,149.1652158,911.489990234375
548,18142805,0.0,0.0,0.0
550,18162799,-35.3648064,149.1652154,914.2899780273438
551,18182792,-35.3648139,149.1652152,915.6799926757812
552,18202785,-35.3648212,149.165215,917.0700073242188
553,18222778,-35.3648288,149.1652149,918.4600219726562
554,18242771,0.0,0.0,0.0
557,18262764,-35.3648436,149.1652145,921.219970703125
558,18282757,-35.364851,149.1652144,922.5999755859375
559,18302750,-35.3648584,149.1652141,923.969970703125
560,18322744,-35.3648659,149.165214,925.3400268554688
561,18342737,0.0,0.0,0.0
563,18362730,-35.3648807,149.1652136,928.0599975585938
564,18382723,-35.3648881,149.1652135,929.4199829101562
565,18402716,-35.3648954,149.1652133,930.77001953125
566,18422709,-35.3649029,149.1652131,932.1199951171875
569,18442702,-35.3649102,149.1652129,933.4600219726562
570,18462695,-35.3649176,149.1652128,934.7999877929688
571,18482689,-35.364925,149.1652126,936.1400146484375
572,18502682,-35.3649323,149.1652124,937.47998046875
573,18522675,-35.3649397,149.1652121,938.8099975585938
574,18542668,0.0,0.0,0.0
576,18562661,-35.3649543,149.1652117,941.4600219726562
577,18582654,-35.3649616,149.1652116,942.780029296875
578,18602647,-35.3649689,149.1652115,944.0900268554688
579,18622640,-35.3649762,149.1652112,945.4000244140625
581,18642633,-35.3649403,149.1652121,938.89
583,18662627,-35.3649908,149.1652109,948.02001953125
584,18682620,-35.3649981,149.1652107,949.3200073242188
585,18702613,-35.3650054,149.1652106,950.6099853515625
586,18722606,-35.3650127,149.1652104,951.9099731445312
587,18742599,0.0,0.0,0.0
589,18762592,-35.3650273,149.16521,954.47998046875
590,18782585,-35.3650346,149.1652097,955.760009765625
591,18802578,-35.3650419,149.1652096,957.0399780273438
592,18822572,-35.3650491,149.1652093,958.3200073242188
593,18842565,0.0,0.0,0.0
596,18862558,-35.3650636,149.1652091,960.8499755859375
597,18882551,-35.3650708,149.1652088,962.1199951171875
598,18902544,-35.3650779,149.1652087,963.3800048828125
599,18923537,-35.3650856,149.1652085,964.6900024414062
600,18943530,0.0,0.0,0.0
602,18963523,-35.3651,149.1652081,967.1900024414062
603,18983516,-35.3651072,149.1652078,968.4400024414062
604,19003509,-35.3651143,149.1652077,969.6799926757812
605,19023502,-35.3651216,149.1652074,970.9199829101562
606,19043496,0.0,0.0,0.0
609,19063489,-35.365136,149.1652071,973.3800048828125
610,19083482,-35.3651431,149.1652069,974.5999755859375
611,19103475,-35.3651502,149.1652068,975.8300170898438
612,19123468,-35.3651574,149.1652066,977.0399780273438
614,19143461,-35.3651646,149.1652064,978.260009765625
615,19163454,-35.3651717,149.1652062,979.469970703125
616,19183447,-35.3651788,149.1652059,980.6799926757812
617,19203440,-35.365186,149.1652058,981.8800048828125
618,19223434,-35.3651931,149.1652056,983.0800170898438
619,19243427,0.0,0.0,0.0
622,19263420,-35.3652073,149.1652052,985.469970703125
623,19283413,-35.3652145,149.1652049,986.6599731445312
624,19303406,-35.3652214,149.1652048,987.8400268554688
625,19323399,-35.3652286,149.1652045,989.02001953125
626,19343392,0.0,0.0,0.0
628,19363385,-35.3652428,149.1652042,991.3699951171875
629,19383379,-35.3652498,149.165204,992.5399780273438
630,19403372,-35.3652569,149.1652038,993.7100219726562
631,19423365,-35.3652639,149.1652035,994.8699951171875
632,19443358,0.0,0.0,0.0
635,19463351,-35.3652781,149.1652031,997.1900024414062
636,19483344,-35.3652851,149.165203,998.3400268554688
637,19503337,-35.3652922,149.1652028,999.489990234375
638,19523330,-35.3652991,149.1652025,1000.6300048828125
639,19543324,0.0,0.0,0.0
641,19563317,-35.3653131,149.1652021,1002.9000244140625
642,19583310,-35.3653202,149.165202,1004.030029296875
643,19603303,-35.3653271,149.1652018,1005.1599731445312
644,19623296,-35.3653342,149.1652016,1006.2899780273438
645,19643289,0.0,0.0,0.0
648,19663282,-35.3653481,149.1652011,1008.52001953125
649,19683275,-35.365355,149.165201,1009.6400146484375
650,19703268,-35.3653621,149.1652007,1010.75
651,19723262,-35.365369,149.1652006,1011.8499755859375
652,19743255,0.0,0.0,0.0
654,19763248,-35.3653829,149.1652001,1014.0499877929688
655,19783241,-35.3653898,149.1652,1015.1400146484375
656,19803234,-35.3653968,149.1651997,1016.22998046875
657,19823227,-35.3654037,149.1651996,1017.3200073242188
660,19843220,-35.3654106,149.1651994,1018.4000244140625
661,19863213,-35.3654175,149.1651992,1019.47998046875
662,19883207,-35.3654243,149.165199,1020.5599975585938
663,19903200,-35.3654313,149.1651987,1021.6300048828125
664,19923193,-35.3654382,149.1651986,1022.7000122070312
665,19943186,0.0,0.0,0.0
667,19963179,-35.365452,149.1651982,1024.8299560546875
668,19983172,-35.3654589,149.165198,1025.8800048828125
669,20003165,-35.3654657,149.1651977,1026.93994140625
670,20023158,-35.3654725,149.1651976,1027.989990234375
671,20043152,0.0,0.0,0.0
674,20063145,-35.3654863,149.1651972,1030.0699462890625
675,20083138,-35.3654931,149.165197,1031.1099853515625
676,20103131,-35.3655,149.1651968,1032.1500244140625
677,20123124,-35.3655068,149.1651966,1033.1800537109375
678,20143117,0.0,0.0,0.0
680,20163110,-35.3655204,149.1651962,1035.22998046875
681,20183103,-35.3655272,149.1651959,1036.25
682,20203096,-35.3655341,149.1651958,1037.27001953125
683,20223090,-35.3655409,149.1651956,1038.280029296875
684,20243083,0.0,0.0,0.0
687,20263076,-35.3655544,149.1651952,1040.300048828125
688,20283069,-35.3655612,149.1651949,1041.300048828125
689,20303062,-35.3655679,149.1651947,1042.300048828125
690,20323055,-35.3655748,149.1651944,1043.2900390625
691,20343048,0.0,0.0,0.0
693,20363041,-35.3655883,149.165194,1045.27001953125
694,20383035,-35.365595,149.1651939,1046.25
695,20403028,-35.3656018,149.1651937,1047.22998046875
696,20423021,-35.3656085,149.1651934,1048.2099609375
697,20443014,0.0,0.0,0.0
700,20463007,-35.365622,149.165193,1050.1500244140625
701,20483000,-35.3656286,149.1651929,1051.1199951171875
702,20502993,-35.3656353,149.1651927,1052.0799560546875
703,20522986,-35.365642,149.1651924,1053.0400390625
704,20542980,-35.3656487,149.1651922,1053.989990234375
706,20562973,-35.3656554,149.165192,1054.93994140625
707,20582966,-35.3656621,149.1651918,1055.8900146484375
708,20602959,-35.3656688,149.1651915,1056.8299560546875
709,20622952,-35.3656755,149.1651914,1057.77001953125
710,20642945,-35.3656424,149.1651924,1053.06
712,20662938,0.0,0.0,0.0
714,20682931,-35.3656955,149.1651908,1060.5699462890625
715,20702924,-35.3657021,149.1651905,1061.489990234375
716,20722918,-35.3657088,149.1651903,1062.4200439453125
717,20742911,-35.3657154,149.1651901,1063.3299560546875
718,20762904,0.0,0.0,0.0
720,20782897,-35.3657287,149.1651896,1065.1600341796875
721,20802890,-35.3657353,149.1651895,1066.0699462890625
722,20822883,-35.3657418,149.1651892,1066.969970703125
723,20842876,-35.3657093,149.1651903,1062.46
725,20862869,0.0,0.0,0.0
727,20882863,-35.3657617,149.1651886,1069.6600341796875
728,20902856,-35.3657682,149.1651884,1070.550048828125
729,20922849,-35.3657747,149.1651882,1071.4300537109375
730,20942842,-35.3657813,149.165188,1072.31005859375
731,20962835,0.0,0.0,0.0
733,20982828,-35.3657945,149.1651875,1074.0699462890625
734,21002821,-35.365801,149.1651872,1074.93994140625
735,21022814,-35.3658075,149.1651871,1075.800048828125
737,21042808,-35.3658141,149.1651868,1076.6700439453125
738,21062801,0.0,0.0,0.0
740,21082794,-35.3658272,149.1651863,1078.3800048828125
741,21102787,-35.3658336,149.1651862,1079.239990234375
742,21122780,-35.3658402,149.165186,1080.0899658203125
743,21142773,-35.3658467,149.1651858,1080.9300537109375
744,21162766,0.0,0.0,0.0
746,21182759,-35.3658597,149.1651853,1082.6099853515625
747,21202752,-35.3658662,149.1651851,1083.449951171875
748,21222746,-35.3658725,149.1651848,1084.280029296875
749,21242739,-35.3658407,149.165186,1080.12
752,21262732,-35.3658855,149.1651844,1085.9300537109375
753,21282725,-35.3658919,149.1651842,1086.75
754,21302718,-35.3658984,149.1651839,1087.5699462890625
755,21322711,-35.3659048,149.1651838,1088.3800048828125
756,21342704,-35.3659113,149.1651836,1089.18994140625
757,21362697,0.0,0.0,0.0
759,21382691,-35.3659241,149.1651832,1090.7900390625
760,21402684,-35.3659306,149.1651829,1091.5899658203125
761,21422677,-35.3659369,149.1651827,1092.3900146484375
762,21442670,-35.3659054,149.1651838,1088.41
765,21462663,-35.3659497,149.1651823,1093.9599609375
766,21482656,-35.3659561,149.165182,1094.75
767,21502649,-35.3659624,149.1651819,1095.530029296875
768,21522642,-35.3659688,149.1651817,1096.300048828125
769,21542636,-35.3659752,149.1651814,1097.0799560546875
770,21562629,0.0,0.0,0.0
772,21582622,-35.3659879,149.165181,1098.6099853515625
773,21602615,-35.3659941,149.1651808,1099.3699951171875
774,21622608,-35.3660006,149.1651805,1100.1300048828125
775,21642601,-35.3659694,149.1651816,1096.34
777,21662594,0.0,0.0,0.0
779,21682587,-35.3660195,149.16518,1102.3900146484375
780,21702580,-35.3660257,149.1651798,1103.1300048828125
781,21722574,-35.3660321,149.1651795,1103.8699951171875
782,21742567,-35.3660384,149.1651794,1104.6099853515625
783,21762560,0.0,0.0,0.0
785,21782553,-35.3660509,149.165179,1106.0699462890625
786,21802546,-35.3660572,149.1651788,1106.800048828125
787,21823539,-35.3660638,149.1651786,1107.56005859375
788,21843532,-35.3660326,149.1651795,1103.9
790,21863525,0.0,0.0,0.0
792,21883518,-35.3660825,149.165178,1109.7099609375
793,21903511,-35.3660887,149.1651777,1110.4200439453125
794,21923504,-35.3660949,149.1651776,1111.1199951171875
795,21943498,-35.3661011,149.1651774,1111.8299560546875
796,21963491,0.0,0.0,0.0
798,21983484,-35.3661135,149.1651771,1113.219970703125
799,22003477,-35.3661197,149.1651769,1113.9100341796875
800,22023470,-35.3661259,149.1651767,1114.5999755859375
801,22043463,-35.3660951,149.1651776,1111.12
803,22063456,0.0,0.0,0.0
805,22083449,-35.3661442,149.1651762,1116.6500244140625
806,22103443,-35.3661504,149.165176,1117.3199462890625
807,22123436,-35.3661565,149.1651757,1117.989990234375
808,22143429,-35.3661628,149.1651756,1118.6600341796875
809,22163422,0.0,0.0,0.0
811,22183415,-35.366175,149.1651752,1119.989990234375
812,22203408,-35.3661811,149.1651751,1120.6400146484375
813,22223401,-35.3661872,149.165175,1121.300048828125
814,22243394,-35.3661568,149.1651758,1117.98
816,22263387,0.0,0.0,0.0
818,22283381,-35.3662054,149.1651745,1123.239990234375
819,22303374,-35.3662115,149.1651743,1123.8800048828125
820,22323367,-35.3662175,149.1651742,1124.52001953125
821,22343360,-35.3662236,149.1651741,1125.1500244140625
822,22363353,0.0,0.0,0.0
824,22383346,-35.3662357,149.1651738,1126.4100341796875
825,22403339,-35.3662416,149.1651736,1127.030029296875
826,22423332,-35.3662476,149.1651734,1127.6500244140625
828,22443326,-35.3662537,149.1651733,1128.27001953125
829,22463319,0.0,0.0,0.0
831,22483312,-35.3662657,149.1651731,1129.489990234375
832,22503305,-35.3662717,149.1651729,1130.0999755859375
833,22523298,-35.3662775,149.1651728,1130.699951171875
834,22543291,-35.3662835,149.1651727,1131.31005859375
835,22563284,0.0,0.0,0.0
837,22583277,-35.3662955,149.1651724,1132.5
838,22603271,-35.3663014,149.1651724,1133.0899658203125
839,22623264,-35.3663073,149.1651723,1133.6700439453125
840,22643257,-35.3662778,149.1651728,1130.69
843,22663250,-35.3663192,149.1651719,1134.8399658203125
844,22683243,-35.3663251,149.1651719,1135.4100341796875
845,22703236,-35.3663309,149.1651718,1135.989990234375
846,22723229,-35.3663369,149.1651717,1136.56005859375
847,22743222,-35.3663427,149.1651715,1137.1300048828125
848,22763215,0.0,0.0,0.0
850,22783209,-35.3663545,149.1651714,1138.25
851,22803202,-35.3663602,149.1651714,1138.81005859375
852,22823195,-35.3663662,149.1651713,1139.3599853515625
853,22843188,-35.366337,149.1651718,1136.54
855,22863181,0.0,0.0,0.0
857,22883174,-35.3663836,149.1651709,1141.0
858,22903167,-35.3663893,149.1651709,1141.550048828125
859,22923160,-35.3663952,149.1651709,1142.0799560546875
860,22943154,-35.3664009,149.1651708,1142.6199951171875
861,22963147,0.0,0.0,0.0
863,22983140,-35.3664125,149.1651707,1143.6800537109375
864,23003133,-35.3664184,149.1651705,1144.199951171875
865,23023126,-35.366424,149.1651704,1144.719970703125
866,23043119,-35.3663954,149.1651709,1142.07
868,23063112,0.0,0.0,0.0
870,23083105,-35.3664413,149.1651703,1146.27001953125
871,23103099,-35.366447,149.1651703,1146.780029296875
872,23123092,-35.3664528,149.1651702,1147.280029296875
873,23143085,-35.3664585,149.1651702,1147.780029296875
875,23163078,-35.3664641,149.16517,1148.280029296875
876,23183071,-35.3664699,149.16517,1148.780029296875
877,23203064,-35.3664756,149.16517,1149.27001953125
878,23223057,-35.3664811,149.16517,1149.760009765625
879,23243050,-35.3664529,149.1651702,1147.26
881,23263043,0.0,0.0,0.0
883,23283037,-35.3664981,149.1651699,1151.199951171875
884,23303030,-35.3665039,149.1651699,1151.6800537109375
885,23323023,-35.3665095,149.1651699,1152.1500244140625
886,23343016,-35.3665151,149.1651698,1152.6199951171875
887,23363009,0.0,0.0,0.0
889,23383002,-35.3665264,149.1651698,1153.5400390625
890,23402995,-35.366532,149.1651698,1154.0
891,23422988,-35.3665376,149.1651698,1154.4599609375
892,23442982,-35.3665098,149.1651699,1152.14
894,23462975,-35.3665487,149.1651697,1155.3599853515625
895,23482968,0.0,0.0,0.0
897,23502961,-35.3665599,149.1651697,1156.25
898,23522954,-35.3665655,149.1651697,1156.68994140625
899,23542947,-35.3665711,149.1651697,1157.1199951171875
900,23562940,-35.3665766,149.1651697,1157.56005859375
901,23582933,0.0,0.0,0.0
903,23602927,-35.3665876,149.1651697,1158.4100341796875
904,23622920,-35.3665931,149.1651697,1158.8299560546875
905,23642913,-35.3665659,149.1651697,1156.69
907,23662906,-35.3666043,149.1651697,1159.6700439453125
908,23682899,0.0,0.0,0.0
910,23702892,-35.3666153,149.1651697,1160.489990234375
911,23722885,-35.3666208,149.1651697,1160.9000244140625
912,23742878,-35.3666263,149.1651697,1161.300048828125
913,23762871,-35.3666318,149.1651698,1161.699951171875
914,23782865,0.0,0.0,0.0
916,23802858,-35.3666427,149.1651698,1162.489990234375
917,23822851,-35.3666482,149.1651698,1162.8800048828125
918,23842844,-35.3666212,149.1651697,1160.9
920,23862837,-35.3666591,149.1651699,1163.6500244140625
921,23882830,0.0,0.0,0.0
923,23902823,-35.36667,149.16517,1164.4100341796875
924,23922816,-35.3666754,149.16517,1164.780029296875
925,23942810,-35.3666808,149.16517,1165.1500244140625
926,23962803,-35.3666863,149.16517,1165.52001953125
927,23982796,0.0,0.0,0.0
929,24002789,-35.366697,149.1651703,1166.25
930,24022782,-35.3667024,149.1651703,1166.5999755859375
931,24042775,-35.3666758,149.16517,1164.78
933,24062768,-35.3667133,149.1651704,1167.31005859375
935,24082761,-35.3667187,149.1651704,1167.6600341796875
936,24102755,-35.366724,149.1651705,1168.0
937,24122748,-35.3667293,149.1651705,1168.3399658203125
938,24142741,-35.3667347,149.1651707,1168.6800537109375
939,24162734,-35.3667401,149.1651708,1169.02001953125
940,24182727,0.0,0.0,0.0
942,24202720,-35.3667508,149.1651709,1169.6800537109375
943,24222713,-35.3667562,149.1651709,1170.0
944,24242706,-35.3667298,149.1651706,1168.33
946,24262699,-35.3667669,149.1651712,1170.6400146484375
947,24282693,0.0,0.0,0.0
949,24302686,-35.3667775,149.1651714,1171.27001953125
950,24322679,-35.3667827,149.1651714,1171.5799560546875
951,24342672,-35.3667881,149.1651715,1171.8800048828125
952,24362665,-35.3667934,149.1651717,1172.18994140625
953,24382658,0.0,0.0,0.0
955,24402651,-35.366804,149.1651719,1172.780029296875
956,24422644,-35.3668093,149.1651719,1173.0699462890625
957,24442638,-35.3667832,149.1651714,1171.56
959,24462631,-35.3668198,149.1651722,1173.6500244140625
960,24482624,0.0,0.0,0.0
962,24502617,-35.3668305,149.1651724,1174.2099609375
963,24522610,-35.3668356,149.1651726,1174.489990234375
964,24542603,-35.366841,149.1651727,1174.760009765625
965,24562596,-35.3668463,149.1651728,1175.030029296875
967,24582589,-35.3668514,149.1651729,1175.300048828125
968,24602583,-35.3668568,149.1651731,1175.56005859375
969,24622576,-35.366862,149.1651733,1175.8199462890625
970,24642569,-35.3668361,149.1651726,1174.47
972,24662562,-35.3668725,149.1651734,1176.3299560546875
973,24682555,0.0,0.0,0.0
975,24702548,-35.366883,149.1651738,1176.8199462890625
976,24723541,-35.3668884,149.1651739,1177.0799560546875
977,24743534,-35.3668937,149.1651742,1177.3199462890625
978,24763527,-35.3668988,149.1651743,1177.550048828125
979,24783520,0.0,0.0,0.0
981,24803513,-35.3669092,149.1651746,1178.010009765625
982,24823507,-35.3669145,149.1651748,1178.239990234375
984,24843500,-35.3669196,149.165175,1178.4599609375
985,24863493,-35.3669249,149.1651751,1178.6800537109375
986,24883486,0.0,0.0,0.0
988,24903479,-35.3669353,149.1651755,1179.1099853515625
989,24923472,-35.3669405,149.1651756,1179.3199462890625
990,24943465,-35.3669456,149.1651757,1179.530029296875
991,24963458,-35.3669508,149.165176,1179.72998046875
992,24983451,0.0,0.0,0.0
994,25003445,-35.3669612,149.1651764,1180.1300048828125
995,25023438,-35.3669663,149.1651766,1180.3199462890625
996,25043431,-35.3669407,149.1651757,1179.29
998,25063424,-35.3669766,149.1651769,1180.68994140625
1000,25083417,-35.3669818,149.1651771,1180.8800048828125
1001,25103410,-35.366987,149.1651772,1181.06005859375
1002,25123403,-35.3669921,149.1651775,1181.22998046875
1003,25143396,-35.3669973,149.1651776,1181.4100341796875
1004,25163390,-35.3670023,149.1651779,1181.5799560546875
1005,25183383,0.0,0.0,0.0
1007,25203376,-35.3670126,149.1651782,1181.9000244140625
1008,25223369,-35.3670178,149.1651786,1182.06005859375
1009,25243362,-35.3669923,149.1651776,1181.2
1011,25263355,-35.3670281,149.165179,1182.3699951171875
1012,25283348,0.0,0.0,0.0
1014,25303341,-35.3670383,149.1651794,1182.6700439453125
1015,25323335,-35.3670434,149.1651795,1182.81005859375
1016,25343328,-35.3670485,149.1651799,1182.949951171875
1017,25363321,-35.3670537,149.16518,1183.0899658203125
1018,25383314,0.0,0.0,0.0
1020,25403307,-35.3670639,149.1651805,1183.3499755859375
1021,25423300,-35.367069,149.1651808,1183.469970703125
1022,25443293,-35.3670436,149.1651797,1182.77
1024,25463286,-35.3670792,149.1651813,1183.719970703125
1025,25483279,0.0,0.0,0.0
1027,25503273,-35.3670894,149.1651817,1183.949951171875
1028,25523266,-35.3670945,149.1651819,1184.050048828125
1029,25543259,-35.3670995,149.1651822,1184.1600341796875
1030,25563252,-35.3671046,149.1651824,1184.260009765625
1031,25583245,0.0,0.0,0.0
1033,25603238,-35.3671147,149.1651829,1184.4599609375
1034,25623231,-35.3671199,149.1651832,1184.550048828125
1035,25643224,-35.3670946,149.165182,1184.02
1037,25663218,-35.3671299,149.1651838,1184.72998046875
1038,25683211,0.0,0.0,0.0
1040,25703204,-35.3671401,149.1651843,1184.8900146484375
1041,25723197,-35.3671451,149.1651844,1184.9599609375
1042,25743190,-35.3671503,149.1651848,1185.0400390625
1043,25763183,-35.3671553,149.1651851,1185.1099853515625
1045,25783176,-35.3671603,149.1651853,1185.1700439453125
1046,25803169,-35.3671654,149.1651856,1185.22998046875
1047,25823163,-35.3671705,149.1651858,1185.2900390625
1048,25843156,-35.3671454,149.1651845,1184.93
1050,25863149,-35.3671806,149.1651863,1185.4000244140625
1051,25883142,0.0,0.0,0.0
1053,25903135,-35.3671907,149.165187,1185.5
1054,25923128,-35.3671956,149.1651872,1185.5400390625
1055,25943121,-35.3672008,149.1651876,1185.5799560546875
1056,25963114,-35.3672058,149.1651879,1185.6099853515625
1057,25983107,0.0,0.0,0.0
1059,26003101,-35.3672159,149.1651885,1185.6800537109375
1060,26023094,-35.3672209,149.1651886,1185.699951171875
1061,26043087,-35.3671959,149.1651873,1185.5
1063,26063080,-35.3672308,149.1651892,1185.739990234375
1064,26083073,0.0,0.0,0.0
1066,26103066,-35.367241,149.1651899,1185.77001953125
1067,26123059,-35.367246,149.1651901,1185.780029296875
1068,26143052,-35.3672509,149.1651906,1185.7900390625
1069,26163046,-35.3672561,149.1651909,1185.7900390625
1070,26183039,0.0,0.0,0.0
1072,26203032,-35.3672661,149.1651915,1185.780029296875
1073,26223025,-35.367271,149.1651918,1185.780029296875
1075,26243018,-35.3672761,149.165192,1185.77001953125
1076,26263011,-35.3672811,149.1651924,1185.75
1077,26283004,0.0,0.0,0.0
1079,26302997,-35.367291,149.165193,1185.7099609375
1080,26322991,-35.3672961,149.1651934,1185.68994140625
1081,26342984,-35.3673011,149.1651937,1185.6600341796875
1082,26362977,-35.3673061,149.165194,1185.6300048828125
1083,26382970,-35.367311,149.1651944,1185.5999755859375
1084,26402963,0.0,0.0,0.0
1086,26422956,-35.3673211,149.1651949,1185.52001953125
1087,26442949,-35.3672964,149.1651934,1185.64
1089,26462942,-35.3673311,149.1651957,1185.4300537109375
1090,26482935,-35.367336,149.1651961,1185.3800048828125
1091,26502929,0.0,0.0,0.0
1093,26522922,-35.3673461,149.1651967,1185.27001953125
1094,26542915,-35.3673511,149.1651971,1185.2099609375
1095,26562908,-35.367356,149.1651973,1185.1400146484375
1096,26582901,-35.367361,149.1651977,1185.0699462890625
1097,26602894,0.0,0.0,0.0
1099,26622887,-35.3673711,149.1651985,1184.9300537109375
1100,26642880,-35.3673466,149.1651968,1185.21
1102,26662874,-35.367381,149.1651992,1184.77001953125
1103,26682867,-35.3673859,149.1651996,1184.68994140625
1105,26702860,-35.367391,149.1651999,1184.5999755859375
1106,26722853,-35.367396,149.1652002,1184.510009765625
1107,26742846,-35.367401,149.1652006,1184.4200439453125
1108,26762839,-35.3674059,149.165201,1184.3199462890625
1109,26782832,-35.3674108,149.1652014,1184.219970703125
1110,26802825,0.0,0.0,0.0
1112,26822819,-35.3674209,149.1652021,1184.010009765625
1113,26842812,-35.3673965,149.1652003,1184.46
1115,26862805,-35.3674308,149.1652029,1183.7900390625
1116,26882798,-35.3674357,149.1652033,1183.6700439453125
1117,26902791,0.0,0.0,0.0
1119,26922784,-35.3674458,149.165204,1183.4300537109375
1120,26942777,-35.3674507,149.1652044,1183.300048828125
1121,26962770,-35.3674557,149.1652049,1183.1700439453125
1122,26982763,-35.3674606,149.1652053,1183.0400390625
1123,27002757,0.0,0.0,0.0
1125,27022750,-35.3674706,149.1652061,1182.760009765625
1126,27042743,-35.3674462,149.1652041,1183.37
1128,27062736,-35.3674806,149.1652068,1182.469970703125
1129,27082729,-35.3674855,149.1652073,1182.3299560546875
1130,27102722,0.0,0.0,0.0
1132,27122715,-35.3674954,149.1652081,1182.02001953125
1133,27142708,-35.3675005,149.1652085,1181.8599853515625
1134,27162702,-35.3675054,149.1652088,1181.699951171875
1135,27182695,-35.3675104,149.1652093,1181.530029296875
1136,27202688,0.0,0.0,0.0
1138,27222681,-35.3675202,149.1652102,1181.18994140625
1139,27242674,-35.3674959,149.1652082,1181.96
1141,27262667,-35.3675303,149.1652111,1180.8299560546875
1142,27282660,-35.3675353,149.1652115,1180.6500244140625
1143,27302653,0.0,0.0,0.0
1145,27322647,-35.3675451,149.1652124,1180.280029296875
1146,27342640,-35.3675501,149.1652128,1180.0899658203125
1147,27362633,-35.3675551,149.1652133,1179.8900146484375
1148,27382626,-35.3675601,149.1652136,1179.68994140625
1149,27402619,0.0,0.0,0.0
1151,27422612,-35.3675701,149.1652145,1179.2900390625
1152,27442605,-35.3675456,149.1652125,1180.22
1154,27462598,-35.3675799,149.1652155,1178.8699951171875
1155,27482591,-35.367585,149.1652159,1178.6600341796875
1156,27502585,0.0,0.0,0.0
1158,27522578,-35.3675949,149.1652169,1178.219970703125
1159,27542571,-35.3675999,149.1652174,1177.989990234375
1160,27562564,-35.3676048,149.1652178,1177.77001953125
1161,27582557,-35.3676097,149.1652183,1177.5400390625
1162,27602550,0.0,0.0,0.0
1164,27622543,-35.3676198,149.1652193,1177.06005859375
1165,27643536,-35.3675954,149.165217,1178.15
1167,27663529,-35.36763,149.1652203,1176.5699462890625
1168,27683522,-35.3676349,149.1652208,1176.3199462890625
1170,27703515,-35.3676399,149.1652214,1176.0699462890625
1171,27723509,-35.3676449,149.1652219,1175.8199462890625
1172,27743502,-35.3676498,149.1652224,1175.56005859375
1173,27763495,-35.3676549,149.1652229,1175.300048828125
1174,27783488,-35.3676598,149.1652234,1175.0400390625
1175,27803481,0.0,0.0,0.0
1177,27823474,-35.3676698,149.1652244,1174.5
1178,27843467,-35.3676451,149.1652219,1175.76
1180,27863460,-35.3676798,149.1652255,1173.9599609375
1181,27883454,-35.3676847,149.165226,1173.6800537109375
1182,27903447,0.0,0.0,0.0
1184,27923440,-35.3676947,149.165227,1173.1099853515625
1185,27943433,-35.3676996,149.1652275,1172.8199462890625
1186,27963426,-35.3677047,149.1652282,1172.530029296875
1187,27983419,-35.3677097,149.1652287,1172.22998046875
1188,28003412,0.0,0.0,0.0
1190,28023405,-35.3677196,149.1652298,1171.6400146484375
1191,28043398,-35.3676949,149.1652272,1173.05
1193,28063392,-35.3677295,149.165231,1171.02001953125
1194,28083385,-35.3677346,149.1652316,1170.7099609375
1195,28103378,0.0,0.0,0.0
1197,28123371,-35.3677446,149.1652327,1170.0799560546875
1198,28143364,-35.3677495,149.1652332,1169.760009765625
1199,28163357,-35.3677546,149.1652339,1169.43994140625
1200,28183350,-35.3677596,149.1652345,1169.1099853515625
1201,28203343,0.0,0.0,0.0
1203,28223337,-35.3677695,149.1652356,1168.449951171875
1204,28243330,-35.3677449,149.1652327,1170.02
1206,28263323,-35.3677796,149.1652369,1167.77001953125
1207,28283316,-35.3677846,149.1652375,1167.4300537109375
1208,28303309,0.0,0.0,0.0
1210,28323302,-35.3677945,149.1652387,1166.72998046875
1211,28343295,-35.3677996,149.1652394,1166.3800048828125
1212,28363288,-35.3678047,149.1652399,1166.02001953125
1213,28383282,-35.3678096,149.1652406,1165.6600341796875
1215,28403275,-35.3678146,149.1652412,1165.300048828125
1216,28423268,-35.3678197,149.1652418,1164.9300537109375
1217,28443261,-35.3677949,149.1652388,1166.67
1219,28463254,-35.3678297,149.1652432,1164.18994140625
1220,28483247,-35.3678346,149.1652437,1163.81005859375
1221,28503240,0.0,0.0,0.0
1223,28523233,-35.3678448,149.1652451,1163.050048828125
1224,28543226,-35.3678498,149.1652457,1162.6700439453125
1225,28563220,-35.3678547,149.1652464,1162.280029296875
1226,28583213,-35.3678598,149.165247,1161.8900146484375
1227,28603206,0.0,0.0,0.0
1229,28623199,-35.3678698,149.1652485,1161.0899658203125
1231,28643192,-35.3678748,149.1652492,1160.68994140625
1232,28663185,-35.3678799,149.1652499,1160.2900390625
1233,28683178,-35.367885,149.1652506,1159.8800048828125
1234,28703171,0.0,0.0,0.0
1236,28723165,-35.367895,149.1652519,1159.050048828125
1237,28743158,-35.3679001,149.1652527,1158.6300048828125
1238,28763151,-35.3679051,149.1652533,1158.2099609375
1239,28783144,-35.36791,149.1652542,1157.7900390625
1240,28803137,0.0,0.0,0.0
1242,28823130,-35.3679202,149.1652557,1156.9200439453125
1243,28843123,-35.3678952,149.165252,1158.98
1245,28863116,-35.3679301,149.1652572,1156.050048828125
1246,28883110,-35.3679352,149.165258,1155.5999755859375
1247,28903103,0.0,0.0,0.0
1249,28923096,-35.3679452,149.1652597,1154.7099609375
1250,28943089,-35.3679502,149.1652604,1154.25
1251,28963082,-35.3679553,149.1652613,1153.7900390625
1252,28983075,-35.3679603,149.1652621,1153.3299560546875
1253,29003068,0.0,0.0,0.0
1255,29023061,-35.3679701,149.1652638,1152.3900146484375
1256,29043054,-35.3679454,149.1652597,1154.63
1258,29063048,-35.3679802,149.1652655,1151.4300537109375
1259,29083041,-35.3679851,149.1652664,1150.949951171875
1261,29103034,-35.3679901,149.1652672,1150.4599609375
1262,29123027,-35.367995,149.1652681,1149.969970703125
1263,29143020,-35.3679999,149.165269,1149.469970703125
1264,29163013,-35.3680048,149.1652698,1148.969970703125
1265,29183006,-35.3680097,149.1652706,1148.4599609375
1266,29202999,-35.3680148,149.1652715,1147.949951171875
1267,29222993,0.0,0.0,0.0
1269,29242986,-35.3679953,149.1652681,1149.87
1271,29262979,-35.3680295,149.1652741,1146.4000244140625
1272,29282972,-35.3680344,149.1652748,1145.8699951171875
1273,29302965,-35.3680392,149.1652758,1145.3399658203125
1275,29322958,-35.3680441,149.1652766,1144.800048828125
1276,29342951,-35.368049,149.1652775,1144.260009765625
1277,29362944,-35.3680539,149.1652782,1143.719970703125
1278,29382938,-35.3680587,149.1652791,1143.1700439453125
1279,29402931,-35.3680636,149.1652799,1142.6199951171875
1280,29422924,0.0,0.0,0.0
1282,29442917,-35.3680445,149.1652766,1144.7
1284,29462910,-35.3680781,149.1652822,1140.93994140625
1285,29482903,-35.368083,149.1652829,1140.3699951171875
1286,29502896,-35.3680878,149.1652838,1139.800048828125
1287,29522889,0.0,0.0,0.0
1289,29542882,-35.3680975,149.1652852,1138.6500244140625
1290,29562876,-35.3681022,149.1652858,1138.0699462890625
1291,29582869,-35.3681072,149.1652867,1137.47998046875
1292,29602862,-35.3681119,149.1652873,1136.8900146484375
1293,29622855,0.0,0.0,0.0
1295,29642848,-35.368093,149.1652844,1139.12
1297,29662841,-35.3681264,149.1652894,1135.1099853515625
1298,29682834,-35.3681313,149.1652901,1134.510009765625
1299,29702827,-35.3681361,149.1652906,1133.9000244140625
1300,29722821,0.0,0.0,0.0
1302,29742814,-35.3681459,149.165292,1132.6800537109375
1303,29762807,-35.3681507,149.1652926,1132.0699462890625
1304,29782800,-35.3681556,149.1652933,1131.449951171875
1305,29802793,-35.3681605,149.1652939,1130.8299560546875
1307,29822786,-35.3681654,149.1652945,1130.199951171875
1308,29842779,-35.3681416,149.1652913,1133.19
1310,29862772,-35.3681751,149.1652958,1128.949951171875
1311,29882766,-35.36818,149.1652964,1128.3199462890625
1312,29902759,-35.3681849,149.1652971,1127.6800537109375
1313,29922752,0.0,0.0,0.0
1315,29942745,-35.3681949,149.1652983,1126.4000244140625
1316,29962738,-35.3681998,149.1652991,1125.760009765625
1317,29982731,-35.3682047,149.1652997,1125.1099853515625
1318,30002724,-35.3682096,149.1653004,1124.4599609375
1319,30022717,0.0,0.0,0.0
1321,30042710,-35.3681904,149.1652978,1126.94
1323,30062704,-35.3682243,149.1653025,1122.489990234375
1324,30082697,-35.3682292,149.1653031,1121.8299560546875
1325,30102690,-35.3682343,149.1653039,1121.1600341796875
1326,30122683,0.0,0.0,0.0
1328,30142676,-35.3682441,149.1653054,1119.8199462890625
1329,30162669,-35.368249,149.1653062,1119.1400146484375
1330,30182662,-35.368254,149.1653069,1118.4599609375
1331,30202655,-35.3682589,149.1653078,1117.780029296875
1332,30222649,0.0,0.0,0.0
1334,30242642,-35.3682396,149.1653048,1120.38
1336,30262635,-35.3682735,149.1653102,1115.699951171875
1337,30282628,-35.3682784,149.165311,1115.0
1338,30302621,-35.3682833,149.1653119,1114.300048828125
1339,30322614,0.0,0.0,0.0
1341,30342607,-35.368293,149.1653136,1112.8800048828125
1342,30362600,-35.3682978,149.1653145,1112.1600341796875
1343,30382594,-35.3683027,149.1653153,1111.43994140625
1344,30402587,-35.3683075,149.1653162,1110.7099609375
1345,30422580,0.0,0.0,0.0
1347,30442573,-35.3682885,149.1653128,1113.46
1349,30462566,-35.3683217,149.1653188,1108.510009765625
1350,30482559,-35.3683265,149.1653196,1107.77001953125
1351,30502552,-35.3683313,149.1653205,1107.02001953125
1352,30522545,0.0,0.0,0.0
1354,30543538,-35.368341,149.1653222,1105.47998046875
1355,30563531,-35.3683458,149.165323,1104.719970703125
1356,30583524,-35.3683505,149.1653237,1103.9599609375
1357,30603518,-35.3683553,149.1653246,1103.18994140625
1358,30623511,0.0,0.0,0.0
1360,30643504,-35.3683365,149.1653212,1106.14
1362,30663497,-35.3683694,149.1653268,1100.8599853515625
1363,30683490,-35.368374,149.1653275,1100.0799560546875
1364,30703483,-35.3683787,149.1653283,1099.300048828125
1365,30723476,0.0,0.0,0.0
1367,30743469,-35.3683882,149.1653296,1097.7099609375
1368,30763462,-35.3683928,149.1653303,1096.9200439453125
1369,30783456,-35.3683976,149.1653309,1096.1199951171875
1370,30803449,-35.3684023,149.1653316,1095.3199462890625
1371,30823442,0.0,0.0,0.0
1373,30843435,-35.3683836,149.1653288,1098.42
1375,30863428,-35.3684164,149.1653335,1092.8900146484375
1376,30883421,-35.3684212,149.1653341,1092.0799560546875
1377,30903414,-35.3684259,149.1653347,1091.27001953125
1378,30923407,0.0,0.0,0.0
1380,30943401,-35.3684354,149.1653359,1089.6199951171875
1381,30963394,-35.3684401,149.1653364,1088.800048828125
1382,30983387,-35.368445,149.165337,1087.969970703125
1383,31003380,-35.3684498,149.1653375,1087.1400146484375
1385,31023373,-35.3684546,149.1653381,1086.31005859375
1386,31043366,-35.368431,149.1653352,1090.37
1388,31063359,-35.3684642,149.1653394,1084.6400146484375
1389,31083352,-35.368469,149.16534,1083.800048828125
1390,31103346,-35.3684739,149.1653408,1082.949951171875
1391,31123339,0.0,0.0,0.0
1393,31143332,-35.3684834,149.1653421,1081.260009765625
1394,31163325,-35.3684882,149.1653428,1080.4100341796875
1395,31183318,-35.3684931,149.1653435,1079.550048828125
1396,31203311,-35.3684979,149.1653442,1078.68994140625
1397,31223304,0.0,0.0,0.0
1400,31243297,-35.3685076,149.1653457,1076.9599609375
1401,31263290,-35.3685125,149.1653465,1076.0899658203125
1402,31283284,-35.3685173,149.1653472,1075.219970703125
1403,31303277,-35.3685221,149.1653481,1074.3399658203125
1404,31323270,0.0,0.0,0.0
1406,31343263,-35.3685316,149.1653498,1072.5799560546875
1407,31363256,-35.3685363,149.1653507,1071.68994140625
1408,31383249,-35.3685411,149.1653514,1070.800048828125
1409,31403242,-35.3685458,149.1653524,1069.9000244140625
1410,31423235,0.0,0.0,0.0
1413,31443229,-35.3685551,149.1653541,1068.0899658203125
1414,31463222,-35.3685599,149.165355,1067.1800537109375
1415,31483215,-35.3685646,149.1653558,1066.27001953125
1416,31503208,-35.3685691,149.1653567,1065.3499755859375
1417,31523201,0.0,0.0,0.0
1419,31543194,-35.3685783,149.1653584,1063.5
1420,31563187,-35.368583,149.1653591,1062.5699462890625
1421,31583180,-35.3685876,149.16536,1061.6300048828125
1422,31603174,-35.3685922,149.1653608,1060.68994140625
1423,31623167,0.0,0.0,0.0
1425,31643160,-35.3685739,149.1653574,1064.32
1427,31663153,-35.3686059,149.1653629,1057.8499755859375
1428,31683146,-35.3686104,149.1653637,1056.9000244140625
1429,31703139,-35.3686151,149.1653643,1055.93994140625
1431,31723132,-35.3686195,149.1653651,1054.97998046875
1432,31743125,-35.3686242,149.1653657,1054.02001953125
1433,31763118,-35.3686287,149.1653663,1053.050048828125
1434,31783112,-35.3686333,149.165367,1052.0799560546875
1435,31803105,-35.3686378,149.1653676,1051.1099853515625
1436,31823098,0.0,0.0,0.0
1438,31843091,-35.3686198,149.1653648,1054.89
1440,31863084,-35.3686517,149.1653692,1048.1800537109375
1441,31883077,-35.3686564,149.1653699,1047.199951171875
1442,31903070,-35.3686609,149.1653704,1046.219970703125
1443,31923063,0.0,0.0,0.0
1445,31943057,-35.3686703,149.1653715,1044.239990234375
1446,31963050,-35.3686749,149.165372,1043.25
1447,31983043,-35.3686797,149.1653727,1042.25
1448,32003033,-35.3686844,149.1653733,1041.260009765625
1449,32023020,0.0,0.0,0.0
1451,32043006,-35.368666,149.165371,1045.14
1453,32062993,-35.3686985,149.1653751,1038.25
1454,32082979,-35.3687033,149.1653758,1037.239990234375
1455,32102966,-35.368708,149.1653764,1036.22998046875
1456,32122952,-35.3687126,149.1653772,1035.219970703125
1457,32142939,0.0,0.0,0.0
1459,32162925,-35.3687222,149.1653786,1033.1800537109375
1460,32182912,-35.3687269,149.1653794,1032.1600341796875
1461,32202899,-35.3687315,149.1653801,1031.1300048828125
1462,32222885,-35.3687363,149.165381,1030.0999755859375
1463,32242872,0.0,0.0,0.0
1466,32262858,-35.3687455,149.1653825,1028.030029296875
1467,32282845,-35.3687502,149.1653835,1026.989990234375
1468,32302831,-35.3687549,149.1653844,1025.93994140625
1469,32322818,-35.3687594,149.1653852,1024.8900146484375
1470,32342804,0.0,0.0,0.0
1472,32362791,-35.3687685,149.1653869,1022.780029296875
1473,32382778,-35.3687731,149.1653878,1021.719970703125
1474,32402764,-35.3687776,149.1653887,1020.6500244140625
1475,32422751,-35.3687822,149.1653895,1019.5800170898438
1478,32442737,-35.3687867,149.1653904,1018.5
1479,32462724,-35.368791,149.1653911,1017.4199829101562
1480,32482710,-35.3687956,149.165392,1016.3400268554688
1481,32502697,-35.3688,149.1653926,1015.25
1482,32522684,-35.3688044,149.1653935,1014.1599731445312
1483,32542670,0.0,0.0,0.0
1485,32562657,-35.3688133,149.1653949,1011.969970703125
1486,32582643,-35.3688177,149.1653955,1010.8699951171875
1487,32602630,-35.3688221,149.1653962,1009.77001953125
1488,32622616,-35.3688266,149.1653968,1008.6599731445312
1489,32642603,0.0,0.0,0.0
1492,32662589,-35.3688354,149.1653979,1006.4400024414062
1493,32682576,-35.3688399,149.1653986,1005.3300170898438
1494,32702563,-35.3688444,149.1653991,1004.2100219726562
1495,32722549,-35.3688488,149.1653997,1003.0900268554688
1496,32743535,0.0,0.0,0.0
1498,32763522,-35.3688582,149.1654007,1000.7899780273438
1499,32783508,-35.3688627,149.1654012,999.6599731445312
1500,32803495,-35.3688671,149.1654017,998.530029296875
1501,32823481,-35.3688718,149.1654024,997.4000244140625
1502,32843468,0.0,0.0,0.0
1505,32863454,-35.368881,149.1654035,995.1400146484375
1506,32883441,-35.3688856,149.1654041,994.0
1507,32903427,-35.3688901,149.1654046,992.8599853515625
1508,32923414,-35.3688948,149.1654053,991.719970703125
1509,32943401,0.0,0.0,0.0
1511,32963387,-35.3689041,149.1654065,989.4199829101562
1512,32983374,-35.3689087,149.1654073,988.27001953125
1513,33003360,-35.3689132,149.165408,987.1199951171875
1514,33023347,-35.3689179,149.1654088,985.9600219726562
1515,33043333,0.0,0.0,0.0
1518,33063320,-35.3689271,149.1654103,983.6400146484375
1519,33083307,-35.3689317,149.1654113,982.469970703125
1520,33103293,-35.3689362,149.1654121,981.2899780273438
1521,33123280,-35.3689406,149.165413,980.1199951171875
1523,33143266,-35.3689452,149.1654137,978.9400024414062
1524,33163253,-35.3689497,149.1654146,977.75
1525,33183239,-35.368954,149.1654156,976.5700073242188
1526,33203226,-35.3689585,149.1654164,975.3699951171875
1527,33223212,-35.3689629,149.1654173,974.1799926757812
1528,33243199,0.0,0.0,0.0
1531,33263186,-35.3689716,149.1654189,971.77001953125
1532,33283172,-35.3689759,149.1654197,970.5599975585938
1533,33303159,-35.3689802,149.1654204,969.3499755859375
1534,33323145,-35.3689846,149.1654212,968.1400146484375
1535,33343132,0.0,0.0,0.0
1537,33363118,-35.3689932,149.1654226,965.7000122070312
1538,33383105,-35.3689975,149.1654232,964.469970703125
1539,33403091,-35.3690018,149.1654238,963.239990234375
1540,33423078,-35.3690061,149.1654245,962.010009765625
1541,33443065,0.0,0.0,0.0
1544,33463051,-35.3690147,149.1654256,959.5399780273438
1545,33483038,-35.369019,149.1654261,958.2999877929688
1546,33503024,-35.3690233,149.1654266,957.0599975585938
1547,33523011,-35.3690278,149.1654271,955.8200073242188
1548,33542997,-35.3690322,149.1654276,954.5800170898438
1549,33562990,0.0,0.0,0.0
1551,33582990,-35.3690409,149.1654287,952.0800170898438
1552,33602990,-35.3690455,149.1654292,950.8300170898438
1553,33622990,-35.36905,149.1654297,949.5800170898438
1554,33642990,-35.3690283,149.165427,955.7
1556,33662990,0.0,0.0,0.0
1558,33682990,-35.3690634,149.1654314,945.8099975585938
1559,33702990,-35.369068,149.1654319,944.5499877929688
1560,33722990,-35.3690725,149.1654327,943.280029296875
1561,33742990,-35.369077,149.1654333,942.02001953125
1562,33762990,0.0,0.0,0.0
1564,33782990,-35.3690859,149.1654347,939.47998046875
1565,33802990,-35.3690905,149.1654356,938.2000122070312
1566,33822990,-35.369095,149.1654364,936.9199829101562
1568,33842990,-35.3690993,149.1654371,935.6400146484375
1569,33862990,0.0,0.0,0.0
1571,33882990,-35.3691083,149.1654389,933.0599975585938
1572,33902990,-35.3691126,149.1654398,931.760009765625
1573,33922990,-35.3691169,149.1654405,930.469970703125
1574,33942990,-35.3691212,149.1654414,929.1599731445312
1575,33962990,0.0,0.0,0.0
1577,33982990,-35.3691297,149.1654432,926.5499877929688
1578,34002990,-35.369134,149.1654439,925.22998046875
1579,34022990,-35.3691382,149.1654448,923.9099731445312
1580,34042990,-35.369117,149.1654406,930.28
1583,34062990,-35.3691467,149.1654462,921.27001953125
1584,34082990,-35.3691508,149.165447,919.9400024414062
1585,34102990,-35.369155,149.1654476,918.6099853515625
1586,34122990,-35.3691592,149.1654482,917.27001953125
1587,34142990,-35.3691632,149.1654489,915.9299926757812
1588,34162990,0.0,0.0,0.0
1590,34182990,-35.3691716,149.16545,913.25
1591,34202990,-35.3691759,149.1654505,911.9099731445312
1592,34222990,-35.3691801,149.165451,910.5599975585938
1593,34242990,-35.3691596,149.1654479,917.1
1595,34262990,0.0,0.0,0.0
1597,34282990,-35.3691929,149.1654524,906.510009765625
1598,34302990,-35.3691971,149.1654529,905.1500244140625
1599,34322990,-35.3692015,149.1654534,903.7999877929688
1600,34342990,-35.3692059,149.1654539,902.4400024414062
1601,34362990,0.0,0.0,0.0
1603,34382990,-35.3692147,149.1654548,899.719970703125
1604,34402990,-35.369219,149.1654555,898.3599853515625
1605,34422990,-35.3692234,149.1654561,896.989990234375
1606,34442990,-35.3692022,149.1654536,903.63
1608,34462990,0.0,0.0,0.0
1610,34482990,-35.3692367,149.1654581,892.8800048828125
1611,34502990,-35.3692412,149.1654589,891.5
1612,34522990,-35.3692456,149.1654596,890.1199951171875
1613,34542990,-35.3692499,149.1654604,888.739990234375
1615,34562990,-35.3692542,149.1654613,887.3499755859375
1616,34582990,-35.3692585,149.165462,885.9600219726562
1617,34602990,-35.3692628,149.165463,884.5599975585938
1618,34622990,-35.369267,149.1654638,883.1599731445312
1619,34642990,-35.3692457,149.16546,889.93
1621,34662990,0.0,0.0,0.0
1623,34682990,-35.3692795,149.1654663,878.9500122070312
1624,34702990,-35.3692836,149.1654672,877.530029296875
1625,34722990,-35.3692877,149.165468,876.1099853515625
1626,34742990,-35.3692918,149.1654687,874.6900024414062
1627,34762990,0.0,0.0,0.0
1629,34782990,-35.3692999,149.1654701,871.8400268554688
1630,34802990,-35.3693039,149.1654707,870.4099731445312
1631,34822990,-35.3693079,149.1654714,868.97998046875
1632,34842990,-35.3692879,149.1654676,875.92
1634,34862990,0.0,0.0,0.0
1636,34882990,-35.3693202,149.165473,864.6599731445312
1637,34902990,-35.3693242,149.1654734,863.219970703125
1638,34922990,-35.3693284,149.1654739,861.780029296875
1639,34942990,-35.3693325,149.1654743,860.3300170898438
1640,34962990,0.0,0.0,0.0
1642,34982990,-35.3693409,149.1654752,857.4400024414062
1643,35002990,-35.3693452,149.1654757,855.989990234375
1644,35022990,-35.3693494,149.1654761,854.530029296875
1646,35042990,-35.3693537,149.1654766,853.0800170898438
1647,35062990,0.0,0.0,0.0
1649,35082990,-35.3693623,149.1654777,850.1699829101562
1650,35102990,-35.3693666,149.1654783,848.7100219726562
1651,35122990,-35.3693709,149.1654788,847.239990234375
1652,35142990,-35.3693752,149.1654796,845.780029296875
1653,35162990,0.0,0.0,0.0
1655,35182990,-35.3693838,149.165481,842.8400268554688
1656,35202990,-35.3693881,149.1654817,841.3699951171875
1657,35222990,-35.3693923,149.1654826,839.8900146484375
1658,35242990,-35.3693712,149.1654794,847.06
1661,35262990,-35.3694007,149.1654843,836.9299926757812
1662,35282990,-35.3694048,149.1654852,835.4400024414062
1663,35302990,-35.3694088,149.1654859,833.9500122070312
1664,35322990,-35.369413,149.1654869,832.4500122070312
1665,35342990,-35.369417,149.1654877,830.9500122070312
1666,35362990,0.0,0.0,0.0
1668,35382990,-35.3694249,149.1654893,827.9400024414062
1669,35402990,-35.3694288,149.16549,826.4299926757812
1670,35422990,-35.3694328,149.1654907,824.9199829101562
1671,35442990,-35.3694129,149.1654867,832.25
1673,35462990,0.0,0.0,0.0
1675,35482990,-35.3694446,149.1654926,820.3599853515625
1676,35502990,-35.3694485,149.1654931,818.8400268554688
1677,35522990,-35.3694525,149.1654936,817.3099975585938
1678,35542990,-35.3694564,149.1654941,815.7899780273438
1679,35562990,0.0,0.0,0.0
1681,35582990,-35.3694644,149.1654949,812.72998046875
1682,35602990,-35.3694684,149.1654953,811.1900024414062
1683,35622990,-35.3694726,149.1654956,809.6599731445312
1684,35642990,-35.3694531,149.1654932,817.14
1686,35662990,0.0,0.0,0.0
1688,35682990,-35.369485,149.1654969,805.0499877929688
1689,35702990,-35.3694891,149.1654974,803.510009765625
1690,35722990,-35.3694933,149.165498,801.969970703125
1691,35742990,-35.3694975,149.1654986,800.4299926757812
1692,35762990,0.0,0.0,0.0
1694,35782990,-35.369506,149.1654998,797.3300170898438
1695,35802990,-35.3695102,149.1655006,795.780029296875
1696,35822990,-35.3695144,149.1655013,794.22998046875
1697,35842990,-35.3694938,149.1654985,801.79
1699,35862990,0.0,0.0,0.0
1701,35882990,-35.3695267,149.1655037,789.5399780273438
1702,35902990,-35.3695308,149.1655046,787.97998046875
1703,35922990,-35.3695347,149.1655055,786.4099731445312
1704,35942990,-35.3695388,149.1655063,784.8300170898438
1706,35962990,-35.3695426,149.1655071,783.25
1707,35982990,-35.3695466,149.165508,781.6699829101562
1708,36002990,-35.3695504,149.1655088,780.0900268554688
1709,36022990,-35.3695543,149.1655094,778.5
1710,36042990,-35.3695347,149.1655055,786.2
1712,36062990,0.0,0.0,0.0
1714,36082990,-35.3695656,149.1655114,773.7100219726562
1715,36102990,-35.3695695,149.165512,772.1099853515625
1716,36122990,-35.3695734,149.1655125,770.510009765625
1717,36142990,-35.3695772,149.165513,768.9099731445312
1718,36162990,0.0,0.0,0.0
1720,36182990,-35.3695849,149.1655137,765.6900024414062
1721,36202990,-35.3695887,149.1655142,764.0900268554688
1722,36222990,-35.3695928,149.1655146,762.469970703125
1723,36242990,-35.3695739,149.1655121,770.32
1725,36262990,0.0,0.0,0.0
1727,36282990,-35.3696048,149.1655157,757.6400146484375
1728,36302990,-35.3696088,149.1655163,756.02001953125
1729,36322990,-35.369613,149.1655166,754.4000244140625
1730,36342990,-35.3696171,149.1655173,752.7899780273438
1731,36362990,0.0,0.0,0.0
1733,36382990,-35.3696252,149.1655185,749.5399780273438
1734,36402990,-35.3696294,149.165519,747.9199829101562
1735,36422990,-35.3696335,149.1655198,746.2899780273438
1737,36442990,-35.3696376,149.1655205,744.6599731445312
1738,36462990,0.0,0.0,0.0
1740,36482990,-35.3696456,149.1655222,741.3900146484375
1741,36502990,-35.3696495,149.1655231,739.75
1742,36522990,-35.3696535,149.1655238,738.0999755859375
1743,36542990,-35.3696574,149.1655247,736.4500122070312
1744,36562990,0.0,0.0,0.0
1746,36582990,-35.369665,149.1655264,733.1500244140625
1747,36602990,-35.3696687,149.1655271,731.489990234375
1748,36622990,-35.3696724,149.1655279,729.8300170898438
1749,36642990,-35.3696533,149.1655239,737.89
1752,36662990,-35.3696798,149.1655291,726.5
1753,36682990,-35.3696835,149.1655298,724.8300170898438
1754,36702990,-35.3696872,149.1655303,723.1500244140625
1755,36722990,-35.3696909,149.1655308,721.47998046875
1756,36742990,-35.3696945,149.1655313,719.7999877929688
1757,36762990,0.0,0.0,0.0
1759,36782990,-35.3697022,149.1655319,716.4500122070312
1760,36802990,-35.369706,149.1655324,714.77001953125
1761,36822990,-35.3697097,149.1655328,713.0900268554688
1762,36842990,-35.3696915,149.1655304,721.29
1765,36862990,-35.3697176,149.1655334,709.719970703125
1766,36882990,-35.3697216,149.1655338,708.0399780273438
1767,36902990,-35.3697255,149.1655343,706.3499755859375
1768,36922990,-35.3697296,149.1655348,704.6599731445312
1769,36942990,-35.3697335,149.1655353,702.969970703125
1770,36962990,0.0,0.0,0.0
1772,36982990,-35.3697417,149.1655366,699.5900268554688
1773,37002990,-35.3697456,149.1655372,697.8900146484375
1774,37022990,-35.3697496,149.165538,696.1900024414062
1775,37042990,-35.3697301,149.1655354,704.47
1777,37062990,0.0,0.0,0.0
1779,37082990,-35.3697613,149.1655404,691.0800170898438
1780,37102990,-35.3697651,149.1655413,689.3699951171875
1781,37122990,-35.3697688,149.165542,687.6500244140625
1782,37142990,-35.3697726,149.1655429,685.9299926757812
1783,37162990,0.0,0.0,0.0
1785,37182990,-35.36978,149.1655444,682.489990234375
1786,37202990,-35.3697836,149.1655452,680.760009765625
1787,37222990,-35.3697872,149.1655458,679.030029296875
1788,37242990,-35.3697687,149.1655419,687.43
1790,37262990,0.0,0.0,0.0
1792,37282990,-35.3697979,149.1655476,673.8200073242188
1793,37302990,-35.3698015,149.165548,672.0800170898438
1794,37322990,-35.3698051,149.1655484,670.3400268554688
1795,37342990,-35.3698088,149.1655487,668.5900268554688
1797,37362990,-35.3698125,149.1655491,666.8499755859375
1798,37382990,-35.3698161,149.1655495,665.0999755859375
1799,37402990,-35.36982,149.1655497,663.3599853515625
1800,37422990,-35.3698238,149.1655501,661.6099853515625
1801,37442990,-35.3698057,149.165548,670.14
1803,37462990,0.0,0.0,0.0
1805,37482990,-35.3698354,149.1655514,656.3599853515625
1806,37502990,-35.3698392,149.1655519,654.6099853515625
1807,37522990,-35.3698432,149.1655524,652.8499755859375
1808,37542990,-35.3698471,149.165553,651.0999755859375
1810,37562990,-35.3698511,149.1655537,649.3400268554688
1811,37582990,-35.3698549,149.1655544,647.5800170898438
1812,37602990,-35.3698587,149.1655551,645.8200073242188
1813,37622990,-35.3698626,149.1655558,644.0499877929688
1814,37642990,-35.3698435,149.165553,652.65
1816,37662990,0.0,0.0,0.0
1818,37682990,-35.3698738,149.1655583,638.72998046875
1819,37702990,-35.3698774,149.1655592,636.9500122070312
1820,37722990,-35.369881,149.16556,635.1699829101562
1821,37742990,-35.3698845,149.1655607,633.3800048828125
1822,37762990,0.0,0.0,0.0
1824,37782990,-35.3698915,149.1655621,629.7999877929688
1825,37802990,-35.369895,149.1655626,628.0
1826,37822990,-35.3698983,149.1655633,626.2100219726562
1828,37842990,-35.3699018,149.1655638,624.4099731445312
1829,37862990,0.0,0.0,0.0
1831,37882990,-35.3699089,149.1655645,620.8099975585938
1832,37902990,-35.3699125,149.1655649,619.0
1833,37922990,-35.3699161,149.1655652,617.2000122070312
1834,37942990,-35.3699196,149.1655654,615.3900146484375
1835,37962990,0.0,0.0,0.0
1837,37982990,-35.3699271,149.1655662,611.780029296875
1838,38002990,-35.3699309,149.1655664,609.969970703125
1839,38022990,-35.3699347,149.1655668,608.1599731445312
1840,38042990,-35.3699169,149.1655651,617.0
1843,38062990,-35.3699423,149.1655678,604.5399780273438
1844,38082990,-35.3699461,149.1655683,602.72998046875
1845,38102990,-35.3699499,149.1655691,600.9099731445312
1846,38122990,-35.3699538,149.1655697,599.0900268554688
1847,38142990,-35.3699575,149.1655705,597.27001953125
1848,38162990,0.0,0.0,0.0
1850,38182990,-35.369965,149.165572,593.6199951171875
1851,38202990,-35.3699686,149.1655729,591.7999877929688
1852,38222990,-35.3699722,149.1655736,589.9600219726562
1853,38242990,-35.3699538,149.1655703,598.88
1855,38262990,0.0,0.0,0.0
1857,38282990,-35.3699827,149.165576,584.4500122070312
1858,38302990,-35.3699861,149.1655768,582.5999755859375
1859,38322990,-35.3699894,149.1655774,580.75
1860,38342990,-35.3699928,149.1655779,578.9000244140625
1861,38362990,0.0,0.0,0.0
1863,38382990,-35.3699995,149.1655789,575.2000122070312
1864,38402990,-35.3700028,149.1655793,573.3400268554688
1865,38422990,-35.3700063,149.1655798,571.47998046875
1866,38442990,-35.3699896,149.1655768,580.54
1868,38462990,0.0,0.0,0.0
1870,38482990,-35.3700168,149.1655807,565.9099731445312
1871,38502990,-35.3700204,149.165581,564.0499877929688
1872,38522990,-35.370024,149.1655812,562.1799926757812
1873,38542990,-35.3700277,149.1655816,560.3200073242188
1874,38562990,0.0,0.0,0.0
1876,38582990,-35.3700351,149.1655824,556.5900268554688
1877,38602990,-35.3700389,149.1655829,554.72998046875
1878,38622990,-35.3700427,149.1655835,552.8599853515625
1879,38642990,-35.3700248,149.1655817,561.98
1881,38662990,0.0,0.0,0.0
1883,38682990,-35.3700538,149.1655855,547.239990234375
1884,38702990,-35.3700574,149.1655863,545.3599853515625
1885,38722990,-35.370061,149.165587,543.47998046875
1886,38742990,-35.3700645,149.1655879,541.5999755859375
1888,38762990,-35.3700678,149.1655888,539.7100219726562
1889,38782990,-35.3700714,149.1655896,537.8200073242188
1890,38802990,-35.3700746,149.1655903,535.9299926757812
1891,38822990,-35.370078,149.165591,534.0399780273438
1892,38842990,-35.3700606,149.1655873,543.26
1894,38862990,0.0,0.0,0.0
1896,38882990,-35.3700879,149.1655927,528.3300170898438
1897,38902990,-35.370091,149.1655932,526.4299926757812
1898,38922990,-35.3700944,149.1655936,524.52001953125
1899,38942990,-35.3700976,149.1655941,522.6199951171875
1900,38962990,0.0,0.0,0.0
1902,38982990,-35.3701043,149.1655946,518.7999877929688
1903,39002990,-35.3701079,149.1655949,516.8900146484375
1904,39022990,-35.3701114,149.1655951,514.969970703125
1905,39042990,-35.370095,149.1655931,524.31
1907,39062990,0.0,0.0,0.0
1909,39082990,-35.370122,149.1655961,509.239990234375
1910,39102990,-35.3701256,149.1655965,507.32000732421875
1911,39122990,-35.3701293,149.165597,505.4100036621094
1912,39142990,-35.3701329,149.1655975,503.489990234375
1913,39162990,0.0,0.0,0.0
1915,39182990,-35.3701402,149.1655989,499.6499938964844
1916,39202990,-35.3701438,149.1655996,497.7200012207031
1917,39222990,-35.3701474,149.1656004,495.79998779296875
1919,39242990,-35.3701509,149.1656012,493.8699951171875
1920,39262990,0.0,0.0,0.0
1922,39282990,-35.3701577,149.1656027,490.0
1923,39302990,-35.3701609,149.1656036,488.05999755859375
1924,39322990,-35.3701642,149.1656042,486.1199951171875
1925,39342990,-35.3701675,149.165605,484.17999267578125
1926,39362990,0.0,0.0,0.0
1928,39382990,-35.3701737,149.1656061,480.2799987792969
1929,39402990,-35.370177,149.1656068,478.3299865722656
1930,39422990,-35.3701801,149.1656071,476.3800048828125
1931,39442990,-35.370164,149.1656038,485.89
1934,39462990,-35.3701864,149.1656079,472.4700012207031
1935,39482990,-35.3701898,149.1656081,470.510009765625
1936,39502990,-35.3701931,149.1656084,468.54998779296875
1937,39522990,-35.3701965,149.1656087,466.6000061035156
1938,39542990,-35.3701998,149.1656089,464.6400146484375
1939,39562990,0.0,0.0,0.0
1941,39582990,-35.3702069,149.1656094,460.7200012207031
1942,39602990,-35.3702104,149.1656099,458.760009765625
1943,39622990,-35.3702138,149.1656103,456.79998779296875
1944,39642990,-35.3701973,149.1656087,466.39
1946,39662990,0.0,0.0,0.0
1948,39682990,-35.3702246,149.1656119,450.8999938964844
1949,39702990,-35.3702281,149.1656127,448.92999267578125
1950,39722990,-35.3702315,149.1656133,446.9599914550781
1951,39742990,-35.370235,149.1656142,444.989990234375
1952,39762990,0.0,0.0,0.0
1954,39782990,-35.3702417,149.1656157,441.0299987792969
1955,39802990,-35.3702448,149.1656166,439.04998779296875
1956,39822990,-35.3702481,149.1656172,437.07000732421875
1957,39842990,-35.3702313,149.1656138,446.73
1959,39862990,0.0,0.0,0.0
1961,39882990,-35.3702574,149.1656193,431.0899963378906
1962,39902990,-35.3702604,149.1656198,429.1000061035156
1963,39922990,-35.3702635,149.1656202,427.1000061035156
1964,39942990,-35.3702666,149.1656205,425.1099853515625
1966,39962990,-35.3702697,149.1656209,423.1099853515625
1967,39982990,-35.3702728,149.1656212,421.1099853515625
